Date;EC;AVAL;CIB;^GSPC;COP=X
1/02/2016; 2.63 ; 3.72 ; 13.79 ; 1,939.38 ; 3,231.50 
2/02/2016; 2.52 ; 3.52 ; 13.34 ; 1,903.03 ; 3,281.80 
3/02/2016; 2.68 ; 3.68 ; 13.95 ; 1,912.53 ; 3,298.80 
4/02/2016; 2.75 ; 3.71 ; 13.98 ; 1,915.45 ; 3,317.00 
5/02/2016; 2.73 ; 3.69 ; 14.10 ; 1,880.05 ; 3,333.00 
8/02/2016; 2.72 ; 3.59 ; 13.86 ; 1,853.44 ; 3,367.00 
9/02/2016; 2.60 ; 3.57 ; 13.62 ; 1,852.21 ; 3,302.30 
10/02/2016; 2.61 ; 3.54 ; 13.67 ; 1,851.86 ; 3,390.00 
11/02/2016; 2.58 ; 3.49 ; 13.30 ; 1,829.08 ; 3,354.40 
12/02/2016; 2.71 ; 3.65 ; 13.93 ; 1,864.78 ; 3,403.50 
16/02/2016; 2.59 ; 3.61 ; 13.73 ; 1,895.58 ; 3,414.00 
17/02/2016; 2.98 ; 3.73 ; 14.18 ; 1,926.82 ; 3,379.40 
18/02/2016; 3.02 ; 3.79 ; 14.05 ; 1,917.83 ; 3,340.00 
19/02/2016; 2.94 ; 3.71 ; 13.95 ; 1,917.78 ; 3,289.40 
22/02/2016; 3.06 ; 3.82 ; 14.21 ; 1,945.50 ; 3,312.10 
23/02/2016; 2.99 ; 3.76 ; 14.04 ; 1,921.27 ; 3,324.00 
24/02/2016; 2.96 ; 3.78 ; 13.80 ; 1,929.80 ; 3,265.50 
25/02/2016; 3.03 ; 3.86 ; 14.05 ; 1,951.70 ; 3,297.70 
26/02/2016; 3.01 ; 3.81 ; 14.06 ; 1,948.05 ; 3,295.50 
29/02/2016; 3.02 ; 3.89 ; 14.28 ; 1,932.23 ; 3,297.60 
1/03/2016; 3.15 ; 4.00 ; 14.54 ; 1,978.35 ; 3,249.20 
2/03/2016; 3.39 ; 4.17 ; 15.00 ; 1,986.45 ; 3,205.00 
3/03/2016; 3.58 ; 4.19 ; 15.36 ; 1,993.40 ; 3,139.20 
4/03/2016; 3.77 ; 4.22 ; 15.47 ; 1,999.99 ; 3,141.90 
7/03/2016; 3.99 ; 4.34 ; 16.08 ; 2,001.76 ; 3,108.10 
8/03/2016; 3.59 ; 4.18 ; 15.45 ; 1,979.26 ; 3,071.00 
9/03/2016; 3.63 ; 4.24 ; 15.84 ; 1,989.26 ; 3,158.70 
10/03/2016; 3.59 ; 4.23 ; 15.68 ; 1,989.57 ; 3,140.00 
11/03/2016; 3.71 ; 4.29 ; 16.29 ; 2,022.19 ; 3,164.60 
14/03/2016; 3.64 ; 4.24 ; 15.90 ; 2,019.64 ; 3,107.10 
15/03/2016; 3.52 ; 4.18 ; 15.46 ; 2,015.93 ; 3,165.00 
16/03/2016; 3.68 ; 4.26 ; 15.35 ; 2,027.22 ; 3,085.50 
17/03/2016; 3.85 ; 4.34 ; 15.99 ; 2,040.59 ; 3,118.50 
18/03/2016; 3.78 ; 4.22 ; 16.04 ; 2,049.58 ; 3,030.90 
21/03/2016; 3.85 ; 4.22 ; 15.75 ; 2,051.60 ; 3,072.00 
22/03/2016; 3.77 ; 4.34 ; 16.00 ; 2,049.80 ; 3,028.00 
23/03/2016; 3.64 ; 4.24 ; 15.58 ; 2,036.71 ; 3,065.00 
24/03/2016; 3.54 ; 4.15 ; 14.95 ; 2,035.94 ; 3,072.00 
28/03/2016; 3.68 ; 4.28 ; 15.90 ; 2,037.05 ; 3,024.00 
29/03/2016; 3.59 ; 4.28 ; 15.72 ; 2,055.01 ; 3,058.00 
30/03/2016; 3.71 ; 4.36 ; 16.17 ; 2,063.95 ; 3,010.20 
31/03/2016; 3.72 ; 4.45 ; 16.38 ; 2,059.74 ; 2,999.00 
1/04/2016; 3.69 ; 4.41 ; 16.03 ; 2,072.78 ; 3,033.00 
4/04/2016; 3.60 ; 4.33 ; 16.22 ; 2,066.13 ; 3,064.00 
5/04/2016; 3.52 ; 4.33 ; 15.96 ; 2,045.17 ; 3,084.00 
6/04/2016; 3.55 ; 4.33 ; 16.12 ; 2,066.66 ; 3,029.70 
7/04/2016; 3.41 ; 4.30 ; 15.88 ; 2,041.91 ; 3,038.10 
8/04/2016; 3.56 ; 4.36 ; 16.12 ; 2,047.60 ; 3,092.00 
11/04/2016; 3.68 ; 4.45 ; 16.50 ; 2,041.99 ; 3,053.00 
12/04/2016; 3.95 ; 4.52 ; 17.41 ; 2,061.72 ; 3,019.00 
13/04/2016; 4.03 ; 4.59 ; 17.95 ; 2,082.42 ; 3,005.00 
14/04/2016; 4.00 ; 4.59 ; 17.78 ; 2,082.78 ; 2,994.00 
15/04/2016; 3.90 ; 4.54 ; 17.78 ; 2,080.73 ; 2,997.00 
18/04/2016; 3.95 ; 4.56 ; 17.78 ; 2,094.34 ; 2,969.00 
19/04/2016; 4.13 ; 4.69 ; 18.53 ; 2,100.80 ; 2,898.00 
20/04/2016; 4.24 ; 4.74 ; 18.84 ; 2,102.40 ; 2,901.00 
21/04/2016; 4.22 ; 4.69 ; 18.56 ; 2,091.48 ; 2,858.20 
22/04/2016; 4.24 ; 4.63 ; 18.54 ; 2,091.58 ; 2,946.00 
25/04/2016; 4.13 ; 4.56 ; 18.22 ; 2,087.79 ; 2,967.00 
26/04/2016; 4.26 ; 4.62 ; 18.35 ; 2,091.70 ; 2,954.00 
27/04/2016; 4.34 ; 4.70 ; 18.52 ; 2,095.15 ; 2,906.50 
28/04/2016; 4.34 ; 4.73 ; 18.79 ; 2,075.81 ; 2,875.00 
29/04/2016; 4.30 ; 4.72 ; 18.54 ; 2,065.30 ; 2,846.50 
2/05/2016; 4.17 ; 4.80 ; 18.33 ; 2,081.43 ; 2,811.20 
3/05/2016; 4.01 ; 4.73 ; 17.62 ; 2,063.37 ; 2,809.60 
4/05/2016; 4.07 ; 4.63 ; 17.19 ; 2,051.12 ; 2,955.00 
5/05/2016; 4.09 ; 4.59 ; 16.98 ; 2,050.63 ; 2,955.00 
6/05/2016; 4.08 ; 4.59 ; 16.96 ; 2,057.14 ; 2,967.00 
9/05/2016; 3.93 ; 4.56 ; 16.59 ; 2,058.69 ; 2,957.00 
10/05/2016; 4.07 ; 4.63 ; 17.37 ; 2,084.39 ; 2,973.00 
11/05/2016; 4.12 ; 4.63 ; 17.50 ; 2,064.46 ; 2,937.00 
12/05/2016; 4.15 ; 4.57 ; 17.68 ; 2,064.11 ; 2,946.00 
13/05/2016; 4.06 ; 4.55 ; 17.47 ; 2,046.61 ; 2,986.00 
16/05/2016; 4.13 ; 4.52 ; 17.30 ; 2,066.66 ; 2,950.50 
17/05/2016; 4.20 ; 4.54 ; 17.26 ; 2,047.21 ; 3,008.00 
18/05/2016; 4.04 ; 4.42 ; 17.18 ; 2,047.63 ; 3,023.00 
19/05/2016; 4.00 ; 4.39 ; 16.83 ; 2,040.04 ; 3,056.00 
20/05/2016; 3.97 ; 4.39 ; 16.99 ; 2,052.32 ; 3,050.00 
23/05/2016; 3.92 ; 4.37 ; 17.04 ; 2,048.04 ; 3,052.00 
24/05/2016; 3.91 ; 4.36 ; 16.72 ; 2,076.06 ; 3,062.00 
25/05/2016; 4.01 ; 4.40 ; 16.17 ; 2,090.54 ; 3,059.00 
26/05/2016; 3.97 ; 4.44 ; 16.38 ; 2,090.10 ; 3,051.00 
27/05/2016; 3.94 ; 4.33 ; 15.90 ; 2,099.06 ; 3,068.00 
31/05/2016; 3.79 ; 4.25 ; 15.60 ; 2,096.95 ; 3,088.00 
1/06/2016; 3.79 ; 4.29 ; 15.57 ; 2,099.33 ; 3,112.00 
2/06/2016; 3.88 ; 4.34 ; 15.82 ; 2,105.26 ; 3,081.60 
3/06/2016; 3.96 ; 4.46 ; 16.25 ; 2,099.13 ; 3,012.00 
6/06/2016; 4.10 ; 4.38 ; 16.07 ; 2,109.41 ; 3,019.00 
7/06/2016; 4.18 ; 4.58 ; 16.36 ; 2,112.13 ; 2,941.00 
8/06/2016; 4.29 ; 4.65 ; 17.02 ; 2,119.12 ; 2,827.00 
9/06/2016; 4.32 ; 4.66 ; 16.87 ; 2,115.48 ; 2,940.00 
10/06/2016; 4.11 ; 4.55 ; 16.31 ; 2,096.07 ; 2,969.00 
13/06/2016; 4.04 ; 4.55 ; 16.11 ; 2,079.06 ; 2,995.00 
14/06/2016; 4.00 ; 4.53 ; 15.93 ; 2,075.32 ; 3,003.00 
15/06/2016; 4.04 ; 4.60 ; 16.15 ; 2,071.50 ; 2,952.00 
16/06/2016; 4.02 ; 4.58 ; 16.10 ; 2,077.99 ; 3,013.00 
17/06/2016; 4.11 ; 4.60 ; 16.34 ; 2,071.22 ; 2,968.00 
20/06/2016; 4.13 ; 4.59 ; 16.57 ; 2,083.25 ; 2,967.80 
21/06/2016; 4.14 ; 4.64 ; 16.47 ; 2,088.90 ; 2,949.30 
22/06/2016; 4.16 ; 4.70 ; 16.83 ; 2,085.45 ; 2,916.70 
23/06/2016; 4.24 ; 4.77 ; 17.41 ; 2,113.32 ; 2,877.90 
24/06/2016; 4.05 ; 4.58 ; 16.47 ; 2,037.41 ; 2,837.80 
27/06/2016; 3.88 ; 4.49 ; 15.87 ; 2,000.54 ; 3,057.00 
28/06/2016; 4.03 ; 4.64 ; 16.48 ; 2,036.09 ; 2,981.00 
29/06/2016; 4.15 ; 4.73 ; 16.99 ; 2,070.77 ; 2,935.20 
30/06/2016; 4.13 ; 4.74 ; 16.87 ; 2,098.86 ; 2,881.60 
1/07/2016; 4.16 ; 4.72 ; 17.00 ; 2,102.95 ; 2,871.80 
5/07/2016; 3.97 ; 4.60 ; 16.39 ; 2,088.55 ; 2,909.60 
6/07/2016; 3.97 ; 4.61 ; 16.33 ; 2,099.73 ; 2,927.00 
7/07/2016; 3.91 ; 4.62 ; 16.29 ; 2,097.90 ; 2,961.50 
8/07/2016; 4.00 ; 4.70 ; 16.68 ; 2,129.90 ; 2,946.70 
11/07/2016; 4.02 ; 4.68 ; 16.78 ; 2,137.16 ; 2,935.00 
12/07/2016; 4.13 ; 4.71 ; 17.01 ; 2,152.14 ; 2,899.10 
13/07/2016; 4.10 ; 4.69 ; 16.93 ; 2,152.43 ; 2,872.20 
14/07/2016; 4.18 ; 4.71 ; 17.10 ; 2,163.75 ; 2,890.50 
15/07/2016; 4.14 ; 4.69 ; 17.18 ; 2,161.74 ; 2,898.60 
18/07/2016; 4.18 ; 4.72 ; 17.13 ; 2,166.89 ; 2,871.00 
19/07/2016; 4.10 ; 4.65 ; 17.09 ; 2,163.78 ; 2,885.50 
20/07/2016; 3.94 ; 4.75 ; 17.40 ; 2,173.02 ; 2,881.90 
21/07/2016; 4.01 ; 4.68 ; 17.08 ; 2,165.17 ; 2,879.80 
22/07/2016; 4.00 ; 4.78 ; 17.13 ; 2,175.03 ; 2,906.40 
25/07/2016; 3.83 ; 4.59 ; 16.54 ; 2,168.48 ; 2,903.90 
26/07/2016; 3.80 ; 4.51 ; 16.30 ; 2,169.18 ; 3,061.00 
27/07/2016; 3.73 ; 4.54 ; 16.34 ; 2,166.58 ; 3,080.00 
28/07/2016; 3.63 ; 4.51 ; 16.21 ; 2,170.06 ; 3,039.20 
29/07/2016; 3.70 ; 4.56 ; 16.51 ; 2,173.60 ; 3,031.90 
1/08/2016; 3.50 ; 4.49 ; 16.19 ; 2,170.84 ; 3,027.00 
2/08/2016; 3.39 ; 4.50 ; 16.30 ; 2,157.03 ; 3,038.10 
3/08/2016; 3.46 ; 4.52 ; 16.52 ; 2,163.79 ; 3,070.90 
4/08/2016; 3.48 ; 4.53 ; 16.53 ; 2,164.25 ; 3,081.00 
5/08/2016; 3.52 ; 4.59 ; 16.92 ; 2,182.87 ; 3,054.10 
8/08/2016; 3.62 ; 4.65 ; 17.09 ; 2,180.89 ; 2,992.00 
9/08/2016; 3.59 ; 4.73 ; 17.45 ; 2,181.74 ; 2,984.00 
10/08/2016; 3.56 ; 4.80 ; 17.70 ; 2,175.49 ; 2,939.30 
11/08/2016; 3.67 ; 4.88 ; 18.18 ; 2,185.79 ; 2,899.50 
12/08/2016; 3.61 ; 4.83 ; 17.97 ; 2,184.05 ; 2,843.20 
15/08/2016; 3.66 ; 4.93 ; 18.34 ; 2,190.15 ; 2,927.16 
16/08/2016; 3.77 ; 4.89 ; 18.23 ; 2,178.15 ; 2,885.90 
17/08/2016; 3.92 ; 5.07 ; 18.20 ; 2,182.22 ; 2,909.26 
18/08/2016; 4.00 ; 5.08 ; 18.28 ; 2,187.02 ; 2,894.02 
19/08/2016; 4.00 ; 5.05 ; 18.82 ; 2,183.87 ; 2,857.00 
22/08/2016; 3.86 ; 5.00 ; 18.81 ; 2,182.64 ; 2,888.64 
23/08/2016; 3.92 ; 5.01 ; 18.62 ; 2,186.90 ; 2,920.42 
24/08/2016; 3.89 ; 5.03 ; 18.61 ; 2,175.44 ; 2,937.52 
25/08/2016; 3.96 ; 5.05 ; 18.96 ; 2,172.47 ; 2,894.04 
26/08/2016; 3.91 ; 5.05 ; 19.05 ; 2,169.04 ; 2,876.10 
29/08/2016; 3.90 ; 5.01 ; 18.89 ; 2,180.38 ; 2,843.70 
30/08/2016; 3.88 ; 4.93 ; 18.87 ; 2,176.12 ; 2,880.40 
31/08/2016; 3.83 ; 4.99 ; 18.98 ; 2,170.95 ; 2,893.80 
1/09/2016; 3.73 ; 5.01 ; 18.99 ; 2,170.86 ; 2,915.10 
2/09/2016; 3.86 ; 5.09 ; 19.76 ; 2,179.98 ; 2,953.00 
6/09/2016; 4.01 ; 5.24 ; 20.07 ; 2,186.48 ; 2,867.00 
7/09/2016; 4.10 ; 5.30 ; 20.39 ; 2,186.16 ; 2,861.61 
8/09/2016; 4.24 ; 5.28 ; 20.33 ; 2,181.30 ; 2,825.90 
9/09/2016; 4.02 ; 5.12 ; 19.76 ; 2,127.81 ; 2,806.00 
12/09/2016; 3.91 ; 5.06 ; 19.64 ; 2,159.04 ; 2,871.00 
13/09/2016; 3.76 ; 4.96 ; 19.03 ; 2,127.02 ; 2,975.00 
14/09/2016; 3.72 ; 5.00 ; 19.02 ; 2,125.77 ; 2,950.13 
15/09/2016; 3.71 ; 4.98 ; 19.27 ; 2,147.26 ; 2,926.90 
16/09/2016; 3.60 ; 4.85 ; 18.43 ; 2,139.16 ; 2,902.50 
19/09/2016; 3.60 ; 4.91 ; 18.59 ; 2,139.12 ; 2,916.87 
20/09/2016; 3.55 ; 4.87 ; 18.32 ; 2,139.76 ; 2,930.50 
21/09/2016; 3.68 ; 4.87 ; 18.52 ; 2,163.12 ; 2,891.27 
22/09/2016; 3.72 ; 5.07 ; 18.72 ; 2,177.18 ; 2,857.10 
23/09/2016; 3.56 ; 4.97 ; 18.49 ; 2,164.69 ; 2,838.80 
26/09/2016; 3.55 ; 4.98 ; 18.20 ; 2,146.10 ; 2,921.38 
27/09/2016; 3.49 ; 4.97 ; 18.40 ; 2,159.93 ; 2,883.55 
28/09/2016; 3.68 ; 5.17 ; 19.07 ; 2,171.37 ; 2,909.88 
29/09/2016; 3.74 ; 5.12 ; 18.85 ; 2,151.13 ; 2,867.10 
30/09/2016; 3.79 ; 5.24 ; 19.02 ; 2,168.27 ; 2,828.70 
3/10/2016; 3.76 ; 4.99 ; 18.39 ; 2,161.20 ; 2,932.75 
4/10/2016; 3.72 ; 4.92 ; 18.11 ; 2,150.49 ; 2,878.10 
5/10/2016; 3.87 ; 5.00 ; 18.39 ; 2,159.73 ; 2,930.00 
6/10/2016; 3.94 ; 5.01 ; 18.53 ; 2,160.77 ; 2,903.20 
7/10/2016; 3.89 ; 4.97 ; 18.59 ; 2,153.74 ; 2,844.80 
10/10/2016; 4.02 ; 5.10 ; 18.76 ; 2,163.66 ; 2,888.80 
11/10/2016; 3.94 ; 5.03 ; 18.75 ; 2,136.73 ; 2,920.18 
12/10/2016; 3.91 ; 5.00 ; 18.79 ; 2,139.18 ; 2,877.40 
13/10/2016; 3.93 ; 4.93 ; 18.77 ; 2,132.55 ; 2,852.40 
14/10/2016; 3.91 ; 4.95 ; 18.72 ; 2,132.98 ; 2,883.40 
17/10/2016; 3.82 ; 4.92 ; 18.48 ; 2,126.50 ; 2,916.95 
18/10/2016; 4.00 ; 5.08 ; 18.98 ; 2,139.60 ; 2,904.00 
19/10/2016; 4.05 ; 5.08 ; 18.96 ; 2,144.29 ; 2,914.90 
20/10/2016; 3.97 ; 5.07 ; 19.07 ; 2,141.34 ; 2,925.00 
21/10/2016; 3.97 ; 5.03 ; 18.99 ; 2,141.16 ; 2,882.20 
24/10/2016; 3.96 ; 5.03 ; 19.00 ; 2,151.33 ; 2,936.22 
25/10/2016; 3.94 ; 4.98 ; 19.02 ; 2,143.16 ; 2,935.09 
26/10/2016; 3.90 ; 4.89 ; 18.78 ; 2,139.43 ; 2,968.99 
27/10/2016; 3.91 ; 4.88 ; 18.73 ; 2,133.04 ; 2,958.01 
28/10/2016; 3.82 ; 4.90 ; 18.68 ; 2,126.41 ; 2,895.50 
31/10/2016; 3.76 ; 4.90 ; 18.65 ; 2,126.15 ; 2,938.20 
1/11/2016; 3.77 ; 4.82 ; 18.66 ; 2,111.72 ; 3,021.25 
2/11/2016; 3.69 ; 4.82 ; 18.43 ; 2,097.94 ; 3,069.25 
3/11/2016; 3.66 ; 4.81 ; 18.47 ; 2,088.66 ; 3,071.25 
4/11/2016; 3.67 ; 4.75 ; 18.28 ; 2,085.18 ; 3,017.30 
7/11/2016; 3.78 ; 4.88 ; 19.07 ; 2,131.52 ; 3,063.70 
8/11/2016; 3.81 ; 4.91 ; 18.93 ; 2,139.56 ; 3,001.40 
9/11/2016; 3.78 ; 4.85 ; 18.36 ; 2,163.26 ; 2,998.15 
10/11/2016; 3.53 ; 4.58 ; 17.14 ; 2,167.48 ; 2,960.70 
11/11/2016; 3.42 ; 4.41 ; 16.71 ; 2,164.45 ; 3,076.20 
14/11/2016; 3.46 ; 4.40 ; 16.08 ; 2,164.20 ; 3,116.25 
15/11/2016; 3.60 ; 4.45 ; 16.88 ; 2,180.39 ; 3,120.25 
16/11/2016; 3.52 ; 4.42 ; 16.69 ; 2,176.94 ; 3,074.29 
17/11/2016; 3.52 ; 4.40 ; 16.52 ; 2,187.12 ; 3,116.60 
18/11/2016; 3.49 ; 4.38 ; 16.40 ; 2,181.90 ; 3,180.25 
21/11/2016; 3.63 ; 4.41 ; 16.41 ; 2,198.18 ; 3,135.10 
22/11/2016; 3.60 ; 4.36 ; 16.05 ; 2,202.94 ; 3,150.75 
23/11/2016; 3.56 ; 4.40 ; 16.14 ; 2,204.72 ; 3,171.25 
25/11/2016; 3.52 ; 4.36 ; 16.08 ; 2,213.35 ; 3,120.20 
28/11/2016; 3.53 ; 4.37 ; 15.96 ; 2,201.72 ; 3,128.10 
29/11/2016; 3.39 ; 4.39 ; 15.83 ; 2,204.66 ; 3,088.70 
30/11/2016; 3.70 ; 4.55 ; 16.32 ; 2,198.81 ; 3,072.75 
1/12/2016; 3.71 ; 4.62 ; 16.66 ; 2,191.08 ; 3,015.70 
2/12/2016; 3.71 ; 4.65 ; 16.81 ; 2,191.95 ; 3,021.70 
5/12/2016; 3.72 ; 4.84 ; 17.17 ; 2,204.71 ; 3,019.80 
6/12/2016; 3.77 ; 4.87 ; 17.34 ; 2,212.23 ; 2,995.40 
7/12/2016; 3.77 ; 4.85 ; 17.45 ; 2,241.35 ; 2,946.20 
8/12/2016; 3.72 ; 4.88 ; 17.71 ; 2,246.19 ; 3,001.75 
9/12/2016; 3.78 ; 4.83 ; 17.41 ; 2,259.53 ; 2,960.90 
12/12/2016; 3.88 ; 4.83 ; 17.52 ; 2,256.96 ; 2,989.00 
13/12/2016; 3.94 ; 4.89 ; 17.93 ; 2,271.72 ; 2,984.75 
14/12/2016; 3.88 ; 4.82 ; 17.53 ; 2,253.28 ; 2,955.40 
15/12/2016; 3.89 ; 4.83 ; 18.06 ; 2,262.03 ; 2,914.30 
16/12/2016; 3.93 ; 4.82 ; 18.01 ; 2,258.07 ; 3,004.75 
19/12/2016; 3.97 ; 4.77 ; 17.66 ; 2,262.53 ; 2,968.20 
20/12/2016; 4.00 ; 4.82 ; 17.65 ; 2,270.76 ; 2,955.40 
21/12/2016; 3.98 ; 4.68 ; 17.54 ; 2,265.18 ; 2,994.25 
22/12/2016; 3.91 ; 4.71 ; 17.70 ; 2,260.96 ; 2,950.50 
23/12/2016; 3.85 ; 4.72 ; 17.67 ; 2,263.79 ; 2,949.80 
27/12/2016; 3.95 ; 4.78 ; 17.72 ; 2,268.88 ; 2,949.80 
28/12/2016; 3.94 ; 4.82 ; 17.68 ; 2,249.92 ; 2,947.90 
29/12/2016; 3.93 ; 4.87 ; 17.89 ; 2,249.26 ; 2,993.73 
30/12/2016; 3.91 ; 4.79 ; 18.01 ; 2,238.83 ; 2,964.70 
3/01/2017; 4.01 ; 4.92 ; 18.27 ; 2,257.83 ; 2,950.70 
4/01/2017; 4.07 ; 5.00 ; 18.34 ; 2,270.75 ; 2,916.20 
5/01/2017; 4.13 ; 5.08 ; 18.69 ; 2,269.00 ; 2,891.10 
6/01/2017; 4.10 ; 5.01 ; 18.76 ; 2,276.98 ; 2,897.90 
9/01/2017; 4.02 ; 4.96 ; 18.85 ; 2,268.90 ; 2,865.70 
10/01/2017; 4.05 ; 4.93 ; 18.79 ; 2,268.90 ; 2,887.40 
11/01/2017; 4.11 ; 4.90 ; 18.81 ; 2,275.32 ; 2,888.80 
12/01/2017; 4.13 ; 5.02 ; 18.83 ; 2,270.44 ; 2,931.40 
13/01/2017; 4.09 ; 4.96 ; 18.65 ; 2,274.64 ; 2,877.90 
17/01/2017; 4.13 ; 5.00 ; 18.69 ; 2,267.89 ; 2,895.90 
18/01/2017; 4.07 ; 4.93 ; 18.58 ; 2,271.89 ; 2,886.50 
19/01/2017; 4.06 ; 4.93 ; 18.44 ; 2,263.69 ; 2,942.75 
20/01/2017; 4.11 ; 4.93 ; 18.65 ; 2,271.31 ; 2,919.75 
23/01/2017; 4.13 ; 4.98 ; 18.63 ; 2,265.20 ; 2,923.75 
24/01/2017; 4.12 ; 4.99 ; 18.54 ; 2,280.07 ; 2,925.25 
25/01/2017; 4.09 ; 5.00 ; 18.78 ; 2,298.37 ; 2,919.25 
26/01/2017; 4.09 ; 5.08 ; 18.78 ; 2,296.68 ; 2,893.00 
27/01/2017; 4.08 ; 5.06 ; 18.68 ; 2,294.69 ; 2,929.65 
30/01/2017; 4.03 ; 5.08 ; 18.55 ; 2,280.90 ; 2,927.68 
31/01/2017; 4.07 ; 5.04 ; 18.59 ; 2,278.87 ; 2,915.00 
1/02/2017; 4.14 ; 5.07 ; 18.66 ; 2,279.55 ; 2,904.25 
2/02/2017; 4.16 ; 5.12 ; 19.00 ; 2,280.85 ; 2,873.50 
3/02/2017; 4.18 ; 5.18 ; 19.16 ; 2,297.42 ; 2,815.30 
6/02/2017; 4.12 ; 5.18 ; 19.10 ; 2,292.56 ; 2,851.75 
7/02/2017; 4.09 ; 5.18 ; 18.86 ; 2,293.08 ; 2,843.75 
8/02/2017; 4.07 ; 5.08 ; 18.51 ; 2,294.67 ; 2,876.28 
9/02/2017; 4.08 ; 5.12 ; 18.63 ; 2,307.87 ; 2,858.10 
10/02/2017; 4.16 ; 5.12 ; 18.70 ; 2,316.10 ; 2,851.42 
13/02/2017; 4.13 ; 5.07 ; 18.64 ; 2,328.25 ; 2,876.50 
14/02/2017; 4.11 ; 4.85 ; 18.44 ; 2,337.58 ; 2,870.78 
15/02/2017; 4.10 ; 4.83 ; 18.67 ; 2,349.25 ; 2,873.30 
16/02/2017; 4.06 ; 4.91 ; 18.85 ; 2,347.22 ; 2,813.10 
17/02/2017; 4.01 ; 4.92 ; 18.56 ; 2,351.16 ; 2,884.75 
21/02/2017; 4.01 ; 4.75 ; 18.43 ; 2,365.38 ; 2,897.28 
22/02/2017; 3.90 ; 4.78 ; 18.52 ; 2,362.82 ; 2,889.50 
23/02/2017; 4.02 ; 4.82 ; 19.11 ; 2,363.81 ; 2,867.98 
24/02/2017; 3.93 ; 4.73 ; 18.45 ; 2,367.34 ; 2,887.75 
27/02/2017; 3.97 ; 4.80 ; 18.71 ; 2,369.75 ; 2,890.25 
28/02/2017; 3.90 ; 4.75 ; 18.34 ; 2,363.64 ; 2,918.10 
1/03/2017; 3.85 ; 4.70 ; 18.50 ; 2,395.96 ; 2,928.83 
2/03/2017; 3.79 ; 4.54 ; 18.03 ; 2,381.92 ; 2,976.20 
3/03/2017; 3.83 ; 4.65 ; 18.17 ; 2,383.12 ; 2,974.25 
6/03/2017; 3.80 ; 4.67 ; 18.14 ; 2,375.31 ; 2,969.22 
7/03/2017; 3.85 ; 4.60 ; 18.28 ; 2,368.39 ; 2,951.93 
8/03/2017; 3.72 ; 4.56 ; 18.00 ; 2,362.98 ; 2,914.70 
9/03/2017; 3.75 ; 4.56 ; 17.86 ; 2,364.87 ; 2,996.40 
10/03/2017; 3.82 ; 4.58 ; 18.10 ; 2,372.60 ; 2,979.00 
13/03/2017; 3.80 ; 4.64 ; 18.28 ; 2,373.47 ; 2,982.30 
14/03/2017; 3.72 ; 4.59 ; 17.77 ; 2,365.45 ; 2,992.78 
15/03/2017; 3.88 ; 4.69 ; 18.19 ; 2,385.26 ; 2,964.28 
16/03/2017; 3.87 ; 4.77 ; 18.48 ; 2,381.38 ; 2,910.80 
17/03/2017; 3.86 ; 4.76 ; 18.63 ; 2,378.25 ; 2,875.50 
20/03/2017; 3.91 ; 4.77 ; 18.90 ; 2,373.47 ; 2,911.23 
21/03/2017; 3.91 ; 4.72 ; 18.93 ; 2,344.02 ; 2,914.12 
22/03/2017; 3.87 ; 4.78 ; 19.09 ; 2,348.45 ; 2,917.70 
23/03/2017; 3.88 ; 4.75 ; 19.13 ; 2,345.96 ; 2,916.95 
24/03/2017; 3.91 ; 4.86 ; 19.33 ; 2,343.98 ; 2,874.60 
27/03/2017; 3.87 ; 4.81 ; 19.34 ; 2,341.59 ; 2,909.75 
28/03/2017; 3.94 ; 4.80 ; 19.83 ; 2,358.57 ; 2,905.68 
29/03/2017; 4.03 ; 4.94 ; 19.88 ; 2,361.13 ; 2,877.50 
30/03/2017; 4.01 ; 4.96 ; 19.97 ; 2,368.06 ; 2,884.83 
31/03/2017; 4.03 ; 4.97 ; 19.74 ; 2,362.72 ; 2,846.90 
3/04/2017; 4.06 ; 4.94 ; 20.03 ; 2,358.84 ; 2,869.38 
4/04/2017; 4.10 ; 5.03 ; 20.16 ; 2,360.16 ; 2,864.49 
5/04/2017; 4.07 ; 4.98 ; 20.11 ; 2,352.95 ; 2,857.92 
6/04/2017; 4.10 ; 5.00 ; 20.00 ; 2,357.49 ; 2,853.88 
7/04/2017; 4.13 ; 5.01 ; 19.91 ; 2,355.54 ; 2,860.39 
10/04/2017; 4.20 ; 5.05 ; 20.11 ; 2,357.16 ; 2,860.92 
11/04/2017; 4.20 ; 5.07 ; 20.09 ; 2,353.78 ; 2,875.00 
12/04/2017; 4.16 ; 5.07 ; 19.95 ; 2,344.93 ; 2,870.43 
13/04/2017; 4.01 ; 4.98 ; 19.37 ; 2,328.95 ; 2,867.62 
17/04/2017; 4.16 ; 5.11 ; 20.01 ; 2,349.01 ; 2,850.14 
18/04/2017; 4.16 ; 5.11 ; 19.80 ; 2,342.19 ; 2,839.25 
19/04/2017; 4.10 ; 5.07 ; 19.25 ; 2,338.17 ; 2,867.25 
20/04/2017; 4.15 ; 5.05 ; 19.51 ; 2,355.84 ; 2,849.47 
21/04/2017; 4.07 ; 4.95 ; 19.43 ; 2,348.69 ; 2,796.70 
24/04/2017; 4.13 ; 5.02 ; 19.70 ; 2,374.15 ; 2,870.00 
25/04/2017; 4.14 ; 5.00 ; 19.74 ; 2,388.61 ; 2,897.45 
26/04/2017; 4.10 ; 4.96 ; 19.58 ; 2,387.45 ; 2,850.20 
27/04/2017; 3.99 ; 4.85 ; 19.27 ; 2,388.77 ; 2,939.00 
28/04/2017; 4.02 ; 4.89 ; 19.55 ; 2,384.20 ; 2,940.14 
1/05/2017; 3.99 ; 4.98 ; 19.87 ; 2,388.33 ; 2,939.75 
2/05/2017; 3.97 ; 4.88 ; 19.68 ; 2,391.17 ; 2,938.25 
3/05/2017; 4.05 ; 4.89 ; 19.72 ; 2,388.13 ; 2,928.29 
4/05/2017; 3.95 ; 4.77 ; 19.70 ; 2,389.52 ; 2,928.75 
5/05/2017; 4.08 ; 4.94 ; 20.04 ; 2,399.29 ; 2,926.20 
8/05/2017; 4.10 ; 4.93 ; 20.29 ; 2,399.38 ; 2,960.25 
9/05/2017; 4.07 ; 4.90 ; 20.42 ; 2,396.92 ; 2,976.75 
10/05/2017; 4.13 ; 4.92 ; 21.01 ; 2,399.63 ; 2,940.25 
11/05/2017; 4.09 ; 4.98 ; 21.35 ; 2,394.44 ; 2,924.95 
12/05/2017; 4.35 ; 5.11 ; 21.38 ; 2,390.90 ; 2,918.92 
15/05/2017; 4.50 ; 5.23 ; 21.90 ; 2,402.32 ; 2,894.11 
16/05/2017; 4.45 ; 5.24 ; 22.16 ; 2,400.67 ; 2,824.40 
17/05/2017; 4.29 ; 5.09 ; 21.74 ; 2,357.03 ; 2,821.50 
18/05/2017; 4.23 ; 4.99 ; 21.47 ; 2,365.72 ; 2,923.54 
19/05/2017; 4.37 ; 5.17 ; 22.16 ; 2,381.73 ; 2,869.00 
22/05/2017; 4.32 ; 5.14 ; 21.93 ; 2,394.02 ; 2,904.20 
23/05/2017; 4.30 ; 5.15 ; 21.92 ; 2,398.42 ; 2,905.40 
24/05/2017; 4.27 ; 5.17 ; 21.95 ; 2,404.39 ; 2,904.29 
25/05/2017; 4.18 ; 5.09 ; 21.80 ; 2,415.07 ; 2,916.75 
26/05/2017; 4.22 ; 5.15 ; 21.88 ; 2,415.82 ; 2,884.70 
30/05/2017; 4.12 ; 5.12 ; 21.64 ; 2,412.91 ; 2,917.25 
31/05/2017; 4.02 ; 5.15 ; 21.79 ; 2,411.80 ; 2,916.00 
1/06/2017; 4.05 ; 5.19 ; 21.95 ; 2,430.06 ; 2,891.10 
2/06/2017; 4.02 ; 5.23 ; 21.93 ; 2,439.07 ; 2,832.10 
5/06/2017; 4.18 ; 5.19 ; 22.18 ; 2,436.10 ; 2,898.25 
6/06/2017; 4.25 ; 5.24 ; 22.50 ; 2,429.33 ; 2,893.58 
7/06/2017; 4.14 ; 5.19 ; 22.56 ; 2,433.14 ; 2,913.78 
8/06/2017; 4.05 ; 5.18 ; 22.22 ; 2,433.79 ; 2,917.03 
9/06/2017; 4.12 ; 5.21 ; 22.05 ; 2,431.77 ; 2,913.75 
12/06/2017; 4.07 ; 5.19 ; 22.05 ; 2,429.39 ; 2,929.84 
13/06/2017; 4.11 ; 5.19 ; 22.45 ; 2,440.35 ; 2,928.25 
14/06/2017; 4.00 ; 5.20 ; 22.52 ; 2,437.92 ; 2,934.00 
15/06/2017; 4.02 ; 5.21 ; 22.51 ; 2,432.46 ; 2,951.17 
16/06/2017; 4.02 ; 5.15 ; 22.69 ; 2,433.15 ; 2,972.75 
19/06/2017; 3.97 ; 5.15 ; 23.26 ; 2,453.46 ; 2,974.66 
20/06/2017; 3.84 ; 4.95 ; 22.30 ; 2,437.03 ; 3,029.66 
21/06/2017; 3.83 ; 4.88 ; 21.21 ; 2,435.61 ; 2,982.40 
22/06/2017; 3.89 ; 4.90 ; 20.97 ; 2,434.50 ; 3,024.95 
23/06/2017; 3.90 ; 4.91 ; 21.05 ; 2,438.30 ; 3,019.63 
26/06/2017; 3.90 ; 4.91 ; 21.20 ; 2,439.07 ; 3,019.35 
27/06/2017; 3.89 ; 4.88 ; 21.38 ; 2,419.38 ; 3,026.72 
28/06/2017; 3.91 ; 4.97 ; 22.20 ; 2,440.69 ; 3,018.92 
29/06/2017; 3.92 ; 5.11 ; 22.09 ; 2,419.70 ; 3,044.40 
30/06/2017; 4.00 ; 5.12 ; 22.21 ; 2,423.41 ; 3,042.28 
3/07/2017; 4.10 ; 5.06 ; 22.42 ; 2,429.01 ; 3,044.58 
5/07/2017; 3.89 ; 5.14 ; 22.18 ; 2,432.54 ; 3,082.25 
6/07/2017; 3.91 ; 5.20 ; 22.02 ; 2,409.75 ; 3,094.25 
7/07/2017; 3.86 ; 5.15 ; 21.89 ; 2,425.18 ; 3,088.08 
10/07/2017; 3.89 ; 5.20 ; 21.97 ; 2,427.43 ; 3,061.28 
11/07/2017; 3.94 ; 5.14 ; 22.20 ; 2,425.53 ; 3,074.04 
12/07/2017; 4.02 ; 5.26 ; 22.75 ; 2,443.25 ; 3,045.25 
13/07/2017; 4.02 ; 5.33 ; 22.74 ; 2,447.83 ; 3,042.89 
14/07/2017; 4.08 ; 5.33 ; 22.51 ; 2,459.27 ; 3,017.25 
17/07/2017; 4.01 ; 5.33 ; 22.23 ; 2,459.14 ; 3,029.25 
18/07/2017; 4.05 ; 5.33 ; 22.38 ; 2,460.61 ; 3,011.43 
19/07/2017; 4.10 ; 5.36 ; 21.94 ; 2,473.83 ; 3,003.00 
20/07/2017; 4.12 ; 5.31 ; 21.91 ; 2,473.45 ; 2,997.51 
21/07/2017; 3.99 ; 5.34 ; 21.75 ; 2,472.54 ; 2,954.90 
24/07/2017; 3.99 ; 5.31 ; 21.71 ; 2,469.91 ; 3,027.32 
25/07/2017; 4.07 ; 5.36 ; 21.90 ; 2,477.13 ; 3,028.35 
26/07/2017; 4.04 ; 5.38 ; 21.66 ; 2,477.83 ; 3,015.64 
27/07/2017; 4.08 ; 5.41 ; 21.84 ; 2,475.42 ; 3,010.85 
28/07/2017; 4.11 ; 5.42 ; 21.94 ; 2,472.10 ; 2,998.70 
31/07/2017; 4.11 ; 5.49 ; 21.81 ; 2,470.30 ; 2,983.25 
1/08/2017; 4.05 ; 5.53 ; 22.11 ; 2,476.35 ; 2,967.26 
2/08/2017; 4.08 ; 5.55 ; 22.11 ; 2,477.57 ; 2,960.12 
3/08/2017; 4.11 ; 5.54 ; 22.04 ; 2,472.16 ; 2,955.22 
4/08/2017; 4.08 ; 5.52 ; 21.93 ; 2,476.83 ; 2,935.90 
7/08/2017; 4.02 ; 5.50 ; 21.79 ; 2,480.91 ; 2,980.87 
8/08/2017; 4.00 ; 5.45 ; 21.69 ; 2,474.92 ; 2,995.50 
9/08/2017; 4.09 ; 5.46 ; 21.24 ; 2,474.02 ; 2,948.90 
10/08/2017; 4.01 ; 5.43 ; 21.18 ; 2,438.21 ; 2,994.28 
11/08/2017; 4.02 ; 5.50 ; 21.68 ; 2,441.32 ; 2,941.30 
14/08/2017; 4.02 ; 5.37 ; 21.65 ; 2,465.84 ; 2,966.20 
15/08/2017; 4.02 ; 5.36 ; 21.26 ; 2,464.61 ; 2,927.50 
16/08/2017; 3.99 ; 5.42 ; 22.09 ; 2,468.11 ; 2,967.07 
17/08/2017; 4.00 ; 5.42 ; 21.44 ; 2,430.01 ; 2,919.30 
18/08/2017; 4.04 ; 5.46 ; 21.96 ; 2,425.55 ; 2,988.04 
21/08/2017; 3.97 ; 5.48 ; 22.06 ; 2,428.37 ; 2,985.25 
22/08/2017; 4.03 ; 5.52 ; 21.99 ; 2,452.51 ; 2,983.95 
23/08/2017; 4.05 ; 5.50 ; 22.27 ; 2,444.04 ; 2,979.25 
24/08/2017; 4.05 ; 5.52 ; 21.96 ; 2,438.97 ; 2,960.09 
25/08/2017; 4.06 ; 5.73 ; 22.33 ; 2,443.05 ; 2,922.50 
28/08/2017; 4.00 ; 5.58 ; 21.97 ; 2,444.24 ; 2,945.50 
29/08/2017; 4.03 ; 5.57 ; 22.42 ; 2,446.30 ; 2,932.75 
30/08/2017; 4.00 ; 5.55 ; 21.98 ; 2,457.59 ; 2,951.75 
31/08/2017; 4.05 ; 5.60 ; 22.64 ; 2,471.65 ; 2,948.68 
1/09/2017; 4.08 ; 5.69 ; 23.65 ; 2,476.55 ; 2,917.60 
5/09/2017; 4.10 ; 5.67 ; 23.67 ; 2,457.85 ; 2,926.70 
6/09/2017; 4.15 ; 5.74 ; 24.10 ; 2,465.54 ; 2,911.95 
7/09/2017; 4.15 ; 5.65 ; 23.91 ; 2,465.10 ; 2,904.70 
8/09/2017; 4.09 ; 5.65 ; 23.89 ; 2,461.43 ; 2,904.09 
11/09/2017; 4.06 ; 5.61 ; 24.04 ; 2,488.11 ; 2,921.25 
12/09/2017; 4.06 ; 5.61 ; 23.91 ; 2,496.48 ; 2,904.92 
13/09/2017; 4.11 ; 5.62 ; 23.84 ; 2,498.37 ; 2,909.50 
14/09/2017; 4.13 ; 5.64 ; 23.63 ; 2,495.62 ; 2,897.73 
15/09/2017; 4.16 ; 5.72 ; 23.67 ; 2,500.23 ; 2,857.90 
18/09/2017; 4.14 ; 5.71 ; 23.61 ; 2,503.87 ; 2,906.85 
19/09/2017; 4.16 ; 5.71 ; 23.53 ; 2,506.65 ; 2,900.19 
20/09/2017; 4.18 ; 5.67 ; 22.99 ; 2,508.24 ; 2,888.93 
21/09/2017; 4.17 ; 5.66 ; 23.17 ; 2,500.60 ; 2,913.25 
22/09/2017; 4.20 ; 5.59 ; 23.64 ; 2,502.22 ; 2,877.80 
25/09/2017; 4.20 ; 5.59 ; 23.22 ; 2,496.66 ; 2,924.44 
26/09/2017; 4.22 ; 5.58 ; 23.00 ; 2,496.84 ; 2,921.25 
27/09/2017; 4.19 ; 5.54 ; 23.04 ; 2,507.04 ; 2,935.44 
28/09/2017; 4.19 ; 5.59 ; 22.94 ; 2,510.06 ; 2,942.01 
29/09/2017; 4.17 ; 5.61 ; 22.99 ; 2,519.36 ; 2,918.70 
2/10/2017; 4.18 ; 5.60 ; 23.04 ; 2,529.12 ; 2,947.47 
3/10/2017; 4.20 ; 5.56 ; 23.18 ; 2,534.58 ; 2,950.64 
4/10/2017; 4.20 ; 5.60 ; 22.94 ; 2,537.74 ; 2,943.75 
5/10/2017; 4.22 ; 5.65 ; 23.03 ; 2,552.07 ; 2,925.21 
6/10/2017; 4.18 ; 5.65 ; 22.73 ; 2,549.33 ; 2,877.30 
9/10/2017; 4.15 ; 5.58 ; 22.38 ; 2,544.73 ; 2,897.20 
10/10/2017; 4.18 ; 5.62 ; 22.40 ; 2,550.64 ; 2,955.38 
11/10/2017; 4.19 ; 5.60 ; 22.27 ; 2,555.24 ; 2,951.25 
12/10/2017; 4.20 ; 5.61 ; 22.39 ; 2,550.93 ; 2,939.00 
13/10/2017; 4.27 ; 5.64 ; 22.49 ; 2,553.17 ; 2,932.51 
16/10/2017; 4.32 ; 5.60 ; 21.81 ; 2,557.64 ; 2,933.04 
17/10/2017; 4.39 ; 5.62 ; 22.12 ; 2,559.36 ; 2,947.25 
18/10/2017; 4.42 ; 5.68 ; 22.19 ; 2,561.26 ; 2,922.25 
19/10/2017; 4.40 ; 5.63 ; 22.03 ; 2,562.10 ; 2,917.25 
20/10/2017; 4.37 ; 5.63 ; 21.84 ; 2,575.21 ; 2,932.25 
23/10/2017; 4.33 ; 5.54 ; 21.73 ; 2,564.98 ; 2,948.87 
24/10/2017; 4.36 ; 5.51 ; 21.43 ; 2,569.13 ; 2,909.90 
25/10/2017; 4.39 ; 5.50 ; 21.33 ; 2,557.15 ; 2,977.07 
26/10/2017; 4.58 ; 5.48 ; 21.37 ; 2,560.40 ; 3,013.46 
27/10/2017; 4.75 ; 5.37 ; 19.87 ; 2,581.07 ; 3,009.08 
30/10/2017; 4.83 ; 5.25 ; 19.10 ; 2,572.83 ; 2,963.80 
31/10/2017; 4.88 ; 5.22 ; 18.95 ; 2,575.26 ; 3,040.05 
1/11/2017; 5.01 ; 5.29 ; 18.95 ; 2,579.36 ; 3,064.00 
2/11/2017; 4.96 ; 5.28 ; 18.84 ; 2,579.85 ; 3,021.70 
3/11/2017; 4.94 ; 5.30 ; 18.57 ; 2,587.84 ; 2,996.40 
6/11/2017; 5.22 ; 5.17 ; 18.72 ; 2,591.13 ; 3,037.08 
7/11/2017; 5.27 ; 5.22 ; 18.84 ; 2,590.64 ; 3,034.59 
8/11/2017; 5.11 ; 5.27 ; 19.16 ; 2,594.38 ; 2,996.60 
9/11/2017; 5.29 ; 5.26 ; 19.50 ; 2,584.62 ; 2,976.20 
10/11/2017; 5.30 ; 5.23 ; 19.40 ; 2,582.30 ; 3,007.00 
13/11/2017; 5.22 ; 5.16 ; 18.75 ; 2,584.84 ; 3,006.00 
14/11/2017; 5.15 ; 5.22 ; 18.88 ; 2,578.87 ; 2,946.30 
15/11/2017; 5.10 ; 5.27 ; 18.97 ; 2,564.62 ; 3,027.00 
16/11/2017; 5.12 ; 5.30 ; 19.17 ; 2,585.64 ; 2,986.90 
17/11/2017; 5.12 ; 5.38 ; 19.44 ; 2,578.85 ; 2,972.70 
20/11/2017; 5.06 ; 5.32 ; 19.51 ; 2,582.14 ; 3,008.00 
21/11/2017; 5.08 ; 5.34 ; 19.71 ; 2,599.03 ; 2,969.40 
22/11/2017; 5.23 ; 5.38 ; 19.83 ; 2,597.08 ; 2,933.30 
24/11/2017; 5.17 ; 5.39 ; 19.88 ; 2,602.42 ; 2,913.40 
27/11/2017; 5.23 ; 5.28 ; 19.41 ; 2,601.42 ; 2,944.80 
28/11/2017; 5.08 ; 5.25 ; 19.55 ; 2,627.04 ; 2,972.80 
29/11/2017; 5.16 ; 5.16 ; 19.51 ; 2,626.07 ; 2,950.80 
30/11/2017; 5.10 ; 5.14 ; 19.39 ; 2,647.58 ; 2,950.70 
1/12/2017; 5.18 ; 5.19 ; 19.33 ; 2,642.22 ; 2,975.70 
4/12/2017; 5.23 ; 5.21 ; 19.23 ; 2,639.44 ; 2,988.00 
5/12/2017; 5.22 ; 5.19 ; 19.24 ; 2,629.57 ; 2,995.00 
6/12/2017; 5.16 ; 5.15 ; 19.62 ; 2,629.27 ; 2,956.80 
7/12/2017; 5.23 ; 5.25 ; 19.57 ; 2,636.98 ; 3,010.00 
8/12/2017; 5.35 ; 5.26 ; 19.58 ; 2,651.50 ; 2,959.50 
11/12/2017; 5.47 ; 5.23 ; 19.97 ; 2,659.99 ; 3,012.00 
12/12/2017; 5.55 ; 5.24 ; 19.74 ; 2,664.11 ; 2,980.60 
13/12/2017; 5.65 ; 5.27 ; 19.80 ; 2,662.85 ; 3,009.00 
14/12/2017; 5.68 ; 5.32 ; 19.44 ; 2,652.01 ; 2,977.80 
15/12/2017; 5.68 ; 5.33 ; 19.26 ; 2,675.81 ; 2,967.10 
18/12/2017; 5.76 ; 5.36 ; 19.88 ; 2,690.16 ; 2,975.00 
19/12/2017; 5.81 ; 5.38 ; 20.02 ; 2,681.47 ; 2,965.00 
20/12/2017; 5.93 ; 5.43 ; 19.94 ; 2,679.25 ; 2,958.00 
21/12/2017; 5.98 ; 5.43 ; 20.19 ; 2,684.57 ; 2,919.80 
22/12/2017; 6.08 ; 5.48 ; 20.06 ; 2,683.34 ; 2,921.40 
26/12/2017; 6.25 ; 5.52 ; 20.34 ; 2,680.50 ; 2,922.40 
27/12/2017; 6.25 ; 5.51 ; 20.16 ; 2,682.62 ; 2,916.50 
28/12/2017; 6.34 ; 5.41 ; 20.26 ; 2,687.54 ; 2,981.00 
29/12/2017; 6.44 ; 5.38 ; 20.07 ; 2,673.61 ; 2,982.00 
2/01/2018; 6.77 ; 5.48 ; 20.66 ; 2,695.81 ; 2,943.80 
3/01/2018; 7.10 ; 5.57 ; 20.77 ; 2,713.06 ; 2,891.80 
4/01/2018; 7.44 ; 5.67 ; 21.35 ; 2,723.99 ; 2,859.80 
5/01/2018; 7.54 ; 5.67 ; 21.81 ; 2,743.15 ; 2,849.80 
8/01/2018; 7.42 ; 5.60 ; 21.87 ; 2,747.71 ; 2,868.20 
9/01/2018; 7.67 ; 5.58 ; 21.35 ; 2,751.29 ; 2,867.30 
10/01/2018; 7.75 ; 5.58 ; 21.37 ; 2,748.23 ; 2,881.40 
11/01/2018; 7.57 ; 5.63 ; 21.33 ; 2,767.56 ; 2,854.00 
12/01/2018; 7.42 ; 5.65 ; 21.58 ; 2,786.24 ; 2,798.10 
16/01/2018; 7.42 ; 5.62 ; 21.99 ; 2,776.42 ; 2,809.00 
17/01/2018; 7.64 ; 5.64 ; 22.23 ; 2,802.56 ; 2,828.30 
18/01/2018; 7.68 ; 5.71 ; 22.27 ; 2,798.03 ; 2,844.00 
19/01/2018; 7.63 ; 5.73 ; 21.96 ; 2,810.30 ; 2,843.00 
22/01/2018; 8.01 ; 5.73 ; 21.85 ; 2,832.97 ; 2,856.99 
23/01/2018; 8.34 ; 5.76 ; 21.86 ; 2,839.13 ; 2,854.00 
24/01/2018; 8.82 ; 5.98 ; 22.87 ; 2,837.54 ; 2,811.00 
25/01/2018; 8.64 ; 5.97 ; 23.25 ; 2,839.25 ; 2,789.00 
26/01/2018; 8.67 ; 5.94 ; 23.55 ; 2,872.87 ; 2,813.00 
29/01/2018; 8.60 ; 5.83 ; 23.16 ; 2,853.53 ; 2,835.00 
30/01/2018; 8.35 ; 5.79 ; 23.17 ; 2,822.43 ; 2,848.00 
31/01/2018; 8.30 ; 5.78 ; 23.25 ; 2,823.81 ; 2,828.00 
1/02/2018; 8.70 ; 5.86 ; 23.64 ; 2,821.98 ; 2,794.00 
2/02/2018; 8.19 ; 5.66 ; 22.69 ; 2,762.13 ; 2,839.00 
5/02/2018; 7.64 ; 5.52 ; 22.04 ; 2,648.94 ; 2,840.00 
6/02/2018; 7.81 ; 5.66 ; 22.38 ; 2,695.14 ; 2,829.00 
7/02/2018; 7.46 ; 5.64 ; 22.31 ; 2,681.66 ; 2,847.00 
8/02/2018; 7.15 ; 5.48 ; 21.83 ; 2,581.00 ; 2,883.00 
9/02/2018; 7.38 ; 5.41 ; 21.59 ; 2,619.55 ; 2,903.82 
12/02/2018; 7.40 ; 5.56 ; 22.25 ; 2,656.00 ; 2,891.00 
13/02/2018; 7.26 ; 5.68 ; 22.12 ; 2,662.94 ; 2,904.00 
14/02/2018; 7.64 ; 5.75 ; 22.78 ; 2,698.63 ; 2,868.00 
15/02/2018; 7.72 ; 5.70 ; 22.64 ; 2,731.20 ; 2,854.00 
16/02/2018; 7.70 ; 5.66 ; 22.84 ; 2,732.22 ; 2,834.00 
20/02/2018; 7.63 ; 5.62 ; 22.79 ; 2,716.26 ; 2,859.00 
21/02/2018; 7.53 ; 5.69 ; 22.68 ; 2,701.33 ; 2,876.00 
22/02/2018; 7.90 ; 5.69 ; 23.17 ; 2,703.96 ; 2,858.00 
23/02/2018; 8.11 ; 5.69 ; 23.02 ; 2,747.30 ; 2,841.00 
26/02/2018; 8.25 ; 5.67 ; 22.61 ; 2,779.60 ; 2,839.00 
27/02/2018; 8.07 ; 5.63 ; 22.10 ; 2,744.28 ; 2,859.00 
28/02/2018; 7.70 ; 5.47 ; 21.35 ; 2,713.83 ; 2,865.00 
1/03/2018; 7.58 ; 5.45 ; 21.12 ; 2,677.67 ; 2,879.00 
2/03/2018; 7.68 ; 5.51 ; 21.36 ; 2,691.25 ; 2,866.00 
5/03/2018; 7.73 ; 5.45 ; 21.71 ; 2,720.94 ; 2,854.00 
6/03/2018; 7.74 ; 5.44 ; 22.00 ; 2,728.12 ; 2,853.00 
7/03/2018; 7.53 ; 5.48 ; 22.09 ; 2,726.80 ; 2,866.00 
8/03/2018; 7.57 ; 5.40 ; 22.12 ; 2,738.97 ; 2,875.00 
9/03/2018; 7.72 ; 5.39 ; 22.27 ; 2,786.57 ; 2,865.00 
12/03/2018; 7.67 ; 5.43 ; 22.17 ; 2,783.02 ; 2,848.00 
13/03/2018; 7.72 ; 5.38 ; 21.74 ; 2,765.31 ; 2,852.00 
14/03/2018; 7.77 ; 5.52 ; 21.74 ; 2,749.48 ; 2,842.00 
15/03/2018; 7.86 ; 5.45 ; 21.69 ; 2,747.33 ; 2,844.00 
16/03/2018; 7.97 ; 5.40 ; 21.97 ; 2,752.01 ; 2,854.00 
19/03/2018; 7.94 ; 5.39 ; 21.66 ; 2,712.92 ; 2,858.00 
20/03/2018; 8.16 ; 5.36 ; 21.60 ; 2,716.94 ; 2,867.00 
21/03/2018; 8.52 ; 5.36 ; 21.67 ; 2,711.93 ; 2,853.00 
22/03/2018; 8.07 ; 5.35 ; 21.25 ; 2,643.69 ; 2,859.00 
23/03/2018; 8.38 ; 5.34 ; 20.97 ; 2,588.26 ; 2,842.00 
26/03/2018; 8.72 ; 5.36 ; 21.83 ; 2,658.55 ; 2,800.00 
27/03/2018; 8.39 ; 5.26 ; 21.41 ; 2,612.62 ; 2,783.00 
28/03/2018; 8.21 ; 5.31 ; 21.23 ; 2,605.00 ; 2,791.00 
29/03/2018; 8.50 ; 5.29 ; 21.45 ; 2,640.87 ; 2,793.00 
2/04/2018; 8.49 ; 5.36 ; 22.02 ; 2,581.88 ; 2,796.13 
3/04/2018; 8.69 ; 5.45 ; 23.07 ; 2,614.45 ; 2,775.39 
4/04/2018; 8.69 ; 5.49 ; 23.46 ; 2,644.69 ; 2,775.39 
5/04/2018; 8.66 ; 5.59 ; 23.87 ; 2,662.84 ; 2,792.00 
6/04/2018; 8.52 ; 5.59 ; 23.77 ; 2,604.47 ; 2,788.00 
9/04/2018; 8.70 ; 5.61 ; 24.18 ; 2,613.16 ; 2,792.00 
10/04/2018; 8.89 ; 5.66 ; 25.19 ; 2,656.87 ; 2,741.20 
11/04/2018; 9.67 ; 5.84 ; 25.93 ; 2,642.19 ; 2,770.00 
12/04/2018; 9.61 ; 5.86 ; 25.52 ; 2,663.99 ; 2,718.00 
13/04/2018; 9.50 ; 5.88 ; 25.30 ; 2,656.30 ; 2,706.00 
16/04/2018; 9.22 ; 5.78 ; 25.15 ; 2,677.84 ; 2,708.00 
17/04/2018; 9.57 ; 5.77 ; 25.51 ; 2,706.39 ; 2,726.00 
18/04/2018; 9.85 ; 5.85 ; 25.52 ; 2,708.64 ; 2,725.00 
19/04/2018; 10.09 ; 5.79 ; 25.49 ; 2,693.13 ; 2,706.00 
20/04/2018; 9.95 ; 5.77 ; 25.07 ; 2,670.14 ; 2,735.00 
23/04/2018; 9.93 ; 5.68 ; 24.71 ; 2,670.29 ; 2,681.40 
24/04/2018; 9.97 ; 5.69 ; 24.50 ; 2,634.56 ; 2,814.00 
25/04/2018; 9.87 ; 5.59 ; 23.99 ; 2,639.40 ; 2,782.00 
26/04/2018; 9.84 ; 5.60 ; 24.16 ; 2,666.94 ; 2,813.00 
27/04/2018; 9.92 ; 5.65 ; 24.56 ; 2,669.91 ; 2,816.00 
30/04/2018; 10.02 ; 5.68 ; 24.33 ; 2,648.05 ; 2,802.00 
1/05/2018; 9.85 ; 5.68 ; 24.16 ; 2,654.80 ; 2,808.50 
2/05/2018; 9.93 ; 5.66 ; 24.12 ; 2,635.67 ; 2,803.00 
3/05/2018; 9.85 ; 5.56 ; 24.46 ; 2,629.73 ; 2,831.00 
4/05/2018; 10.02 ; 5.60 ; 24.50 ; 2,663.42 ; 2,857.00 
7/05/2018; 9.72 ; 5.55 ; 24.53 ; 2,672.63 ; 2,814.90 
8/05/2018; 9.78 ; 5.45 ; 24.47 ; 2,671.92 ; 2,814.00 
9/05/2018; 10.05 ; 5.52 ; 24.51 ; 2,697.79 ; 2,871.00 
10/05/2018; 10.08 ; 5.58 ; 24.60 ; 2,723.07 ; 2,855.55 
11/05/2018; 9.97 ; 5.46 ; 24.28 ; 2,727.72 ; 2,823.00 
14/05/2018; 10.51 ; 5.46 ; 24.56 ; 2,730.13 ; 2,779.60 
15/05/2018; 10.45 ; 5.37 ; 24.50 ; 2,711.45 ; 2,835.57 
16/05/2018; 10.13 ; 5.41 ; 23.87 ; 2,722.46 ; 2,883.00 
17/05/2018; 9.91 ; 5.37 ; 23.14 ; 2,720.13 ; 2,867.80 
18/05/2018; 9.80 ; 5.37 ; 23.00 ; 2,712.97 ; 2,888.80 
21/05/2018; 9.89 ; 5.35 ; 23.10 ; 2,733.01 ; 2,860.30 
22/05/2018; 9.87 ; 5.50 ; 23.45 ; 2,724.44 ; 2,876.00 
23/05/2018; 9.59 ; 5.46 ; 23.26 ; 2,733.29 ; 2,848.70 
24/05/2018; 9.78 ; 5.49 ; 23.05 ; 2,727.76 ; 2,866.14 
25/05/2018; 9.27 ; 5.49 ; 23.38 ; 2,721.33 ; 2,862.27 
29/05/2018; 9.53 ; 5.35 ; 23.63 ; 2,689.86 ; 2,874.00 
30/05/2018; 9.88 ; 5.49 ; 23.78 ; 2,724.01 ; 2,904.00 
31/05/2018; 9.75 ; 5.51 ; 23.68 ; 2,705.27 ; 2,877.00 
1/06/2018; 9.84 ; 5.58 ; 24.12 ; 2,734.62 ; 2,889.00 
4/06/2018; 9.79 ; 5.62 ; 24.48 ; 2,746.87 ; 2,857.60 
5/06/2018; 9.79 ; 5.62 ; 24.26 ; 2,748.80 ; 2,859.00 
6/06/2018; 9.64 ; 5.58 ; 24.18 ; 2,772.35 ; 2,854.00 
7/06/2018; 9.77 ; 5.57 ; 23.70 ; 2,770.37 ; 2,829.00 
8/06/2018; 9.70 ; 5.62 ; 23.61 ; 2,779.03 ; 2,847.00 
11/06/2018; 9.65 ; 5.59 ; 23.71 ; 2,782.00 ; 2,793.70 
12/06/2018; 9.55 ; 5.53 ; 24.04 ; 2,786.85 ; 2,858.10 
13/06/2018; 9.52 ; 5.53 ; 24.30 ; 2,775.63 ; 2,861.00 
14/06/2018; 9.52 ; 5.46 ; 23.99 ; 2,782.49 ; 2,858.00 
15/06/2018; 9.29 ; 5.41 ; 23.76 ; 2,779.66 ; 2,862.00 
18/06/2018; 9.32 ; 5.43 ; 24.30 ; 2,773.75 ; 2,893.00 
19/06/2018; 9.04 ; 5.32 ; 23.81 ; 2,762.59 ; 2,923.00 
20/06/2018; 8.96 ; 5.30 ; 23.77 ; 2,767.32 ; 2,921.00 
21/06/2018; 8.78 ; 5.21 ; 23.86 ; 2,749.76 ; 2,917.00 
22/06/2018; 8.98 ; 5.25 ; 24.01 ; 2,754.88 ; 2,951.00 
25/06/2018; 8.82 ; 5.19 ; 23.97 ; 2,717.07 ; 2,914.00 
26/06/2018; 8.96 ; 5.32 ; 24.18 ; 2,723.06 ; 2,915.00 
27/06/2018; 9.11 ; 5.31 ; 24.00 ; 2,699.63 ; 2,930.00 
28/06/2018; 9.20 ; 5.31 ; 24.64 ; 2,716.31 ; 2,944.00 
29/06/2018; 9.32 ; 5.35 ; 24.58 ; 2,718.37 ; 2,944.50 
2/07/2018; 9.11 ; 5.27 ; 24.38 ; 2,726.71 ; 2,920.03 
3/07/2018; 9.20 ; 5.39 ; 25.84 ; 2,713.22 ; 2,929.00 
5/07/2018; 9.09 ; 5.41 ; 25.64 ; 2,736.61 ; 2,904.80 
6/07/2018; 9.30 ; 5.44 ; 25.93 ; 2,759.82 ; 2,876.00 
9/07/2018; 9.47 ; 5.32 ; 25.41 ; 2,784.17 ; 2,822.50 
10/07/2018; 9.55 ; 5.39 ; 25.47 ; 2,793.84 ; 2,883.00 
11/07/2018; 9.26 ; 5.30 ; 25.35 ; 2,774.02 ; 2,870.00 
12/07/2018; 9.33 ; 5.31 ; 25.34 ; 2,798.29 ; 2,870.00 
13/07/2018; 9.40 ; 5.37 ; 25.28 ; 2,801.31 ; 2,874.00 
16/07/2018; 9.30 ; 5.32 ; 25.18 ; 2,798.43 ; 2,858.00 
17/07/2018; 9.36 ; 5.28 ; 25.12 ; 2,809.55 ; 2,874.00 
18/07/2018; 9.43 ; 5.24 ; 24.92 ; 2,815.62 ; 2,869.00 
19/07/2018; 9.30 ; 5.26 ; 24.57 ; 2,804.49 ; 2,865.00 
20/07/2018; 9.46 ; 5.22 ; 24.58 ; 2,801.83 ; 2,881.00 
23/07/2018; 9.27 ; 5.22 ; 24.48 ; 2,806.98 ; 2,819.60 
24/07/2018; 9.29 ; 5.22 ; 24.47 ; 2,820.40 ; 2,898.00 
25/07/2018; 9.47 ; 5.14 ; 24.40 ; 2,846.07 ; 2,894.30 
26/07/2018; 9.46 ; 5.17 ; 24.21 ; 2,837.44 ; 2,881.70 
27/07/2018; 9.38 ; 5.17 ; 24.36 ; 2,818.82 ; 2,882.60 
30/07/2018; 9.72 ; 5.30 ; 24.29 ; 2,802.60 ; 2,874.60 
31/07/2018; 9.69 ; 5.08 ; 23.62 ; 2,816.29 ; 2,870.00 
1/08/2018; 9.79 ; 5.05 ; 23.94 ; 2,813.36 ; 2,888.00 
2/08/2018; 9.84 ; 5.11 ; 23.36 ; 2,827.22 ; 2,895.00 
3/08/2018; 9.67 ; 5.20 ; 24.13 ; 2,840.35 ; 2,902.00 
6/08/2018; 9.80 ; 5.15 ; 23.79 ; 2,850.40 ; 2,890.00 
7/08/2018; 9.93 ; 5.10 ; 23.54 ; 2,858.45 ; 2,899.00 
8/08/2018; 9.55 ; 5.10 ; 23.62 ; 2,857.70 ; 2,890.00 
9/08/2018; 9.38 ; 5.11 ; 23.63 ; 2,853.58 ; 2,908.20 
10/08/2018; 9.48 ; 5.06 ; 23.05 ; 2,833.28 ; 2,911.00 
13/08/2018; 9.26 ; 4.98 ; 22.63 ; 2,821.93 ; 2,942.00 
14/08/2018; 9.35 ; 5.03 ; 22.64 ; 2,839.96 ; 3,001.00 
15/08/2018; 8.90 ; 4.98 ; 22.33 ; 2,818.37 ; 3,011.00 
16/08/2018; 9.20 ; 5.03 ; 23.00 ; 2,840.69 ; 3,047.00 
17/08/2018; 9.30 ; 5.06 ; 22.91 ; 2,850.13 ; 3,019.00 
20/08/2018; 9.42 ; 4.98 ; 22.36 ; 2,857.05 ; 3,023.50 
21/08/2018; 9.56 ; 5.20 ; 22.93 ; 2,862.96 ; 3,029.00 
22/08/2018; 9.88 ; 5.16 ; 22.92 ; 2,861.82 ; 2,977.00 
23/08/2018; 9.81 ; 5.11 ; 22.44 ; 2,856.98 ; 2,960.40 
24/08/2018; 10.03 ; 5.15 ; 22.91 ; 2,874.69 ; 2,987.00 
27/08/2018; 10.20 ; 5.24 ; 23.37 ; 2,896.74 ; 2,932.90 
28/08/2018; 10.12 ; 5.20 ; 23.13 ; 2,897.52 ; 2,930.80 
29/08/2018; 10.25 ; 5.20 ; 22.69 ; 2,914.04 ; 2,966.80 
30/08/2018; 10.28 ; 5.15 ; 22.36 ; 2,901.13 ; 2,999.40 
31/08/2018; 10.25 ; 5.15 ; 22.31 ; 2,901.52 ; 3,026.90 
4/09/2018; 10.17 ; 4.96 ; 21.86 ; 2,896.72 ; 3,045.20 
5/09/2018; 10.00 ; 5.02 ; 21.56 ; 2,888.60 ; 3,088.10 
6/09/2018; 9.99 ; 4.94 ; 21.55 ; 2,878.05 ; 3,104.00 
7/09/2018; 10.13 ; 4.96 ; 21.28 ; 2,871.68 ; 3,089.90 
10/09/2018; 10.01 ; 5.05 ; 20.70 ; 2,877.13 ; 3,058.90 
11/09/2018; 10.22 ; 5.02 ; 20.18 ; 2,887.89 ; 3,088.00 
12/09/2018; 11.42 ; 5.14 ; 21.06 ; 2,888.92 ; 3,077.60 
13/09/2018; 11.29 ; 5.15 ; 20.71 ; 2,904.18 ; 3,051.00 
14/09/2018; 11.41 ; 5.13 ; 20.66 ; 2,904.98 ; 3,021.70 
17/09/2018; 11.70 ; 5.01 ; 20.87 ; 2,888.80 ; 3,022.00 
18/09/2018; 11.83 ; 4.99 ; 20.99 ; 2,904.31 ; 3,012.50 
19/09/2018; 11.48 ; 4.94 ; 21.35 ; 2,907.95 ; 3,012.00 
20/09/2018; 11.26 ; 4.96 ; 21.91 ; 2,930.75 ; 3,027.00 
21/09/2018; 11.24 ; 4.89 ; 21.63 ; 2,929.67 ; 3,020.30 
24/09/2018; 11.80 ; 4.94 ; 21.52 ; 2,919.37 ; 2,960.50 
25/09/2018; 11.94 ; 4.96 ; 21.63 ; 2,915.56 ; 2,960.00 
26/09/2018; 11.90 ; 4.98 ; 21.32 ; 2,905.97 ; 3,001.00 
27/09/2018; 12.07 ; 5.12 ; 21.56 ; 2,914.00 ; 2,997.40 
28/09/2018; 12.22 ; 5.07 ; 21.63 ; 2,913.98 ; 2,983.00 
1/10/2018; 12.54 ; 5.03 ; 21.98 ; 2,924.59 ; 2,959.00 
2/10/2018; 12.31 ; 5.03 ; 22.03 ; 2,923.43 ; 2,999.00 
3/10/2018; 12.51 ; 5.02 ; 22.14 ; 2,925.51 ; 3,014.00 
4/10/2018; 12.19 ; 5.00 ; 21.98 ; 2,901.61 ; 3,012.90 
5/10/2018; 12.09 ; 4.97 ; 21.89 ; 2,885.57 ; 3,033.00 
8/10/2018; 11.90 ; 4.96 ; 21.80 ; 2,884.43 ; 2,980.20 
9/10/2018; 12.13 ; 4.99 ; 21.62 ; 2,880.34 ; 3,041.10 
10/10/2018; 11.65 ; 4.86 ; 20.74 ; 2,785.68 ; 3,059.00 
11/10/2018; 11.41 ; 4.78 ; 20.71 ; 2,728.37 ; 3,093.40 
12/10/2018; 11.57 ; 4.80 ; 20.83 ; 2,767.13 ; 3,090.80 
15/10/2018; 11.22 ; 4.78 ; 20.85 ; 2,750.79 ; 3,095.00 
16/10/2018; 11.67 ; 4.88 ; 21.52 ; 2,809.92 ; 3,092.50 
17/10/2018; 11.74 ; 4.88 ; 21.21 ; 2,809.21 ; 3,054.90 
18/10/2018; 11.50 ; 4.77 ; 20.56 ; 2,768.78 ; 3,057.10 
19/10/2018; 11.61 ; 4.73 ; 20.38 ; 2,767.78 ; 3,091.40 
22/10/2018; 11.70 ; 4.73 ; 20.29 ; 2,755.88 ; 3,076.30 
23/10/2018; 11.22 ; 4.65 ; 20.13 ; 2,740.69 ; 3,083.00 
24/10/2018; 10.54 ; 4.51 ; 19.66 ; 2,656.10 ; 3,118.00 
25/10/2018; 10.67 ; 4.47 ; 19.23 ; 2,705.57 ; 3,165.00 
26/10/2018; 10.70 ; 4.40 ; 19.20 ; 2,658.69 ; 3,169.00 
29/10/2018; 10.48 ; 4.46 ; 19.43 ; 2,641.25 ; 3,111.40 
30/10/2018; 10.64 ; 4.58 ; 19.09 ; 2,682.63 ; 3,187.10 
31/10/2018; 10.55 ; 4.59 ; 19.15 ; 2,711.74 ; 3,204.00 
1/11/2018; 9.90 ; 4.76 ; 20.10 ; 2,740.37 ; 3,215.00 
2/11/2018; 9.78 ; 4.79 ; 20.19 ; 2,723.06 ; 3,190.00 
5/11/2018; 10.07 ; 4.73 ; 20.16 ; 2,738.31 ; 3,183.00 
6/11/2018; 9.91 ; 4.76 ; 20.24 ; 2,755.45 ; 3,181.00 
7/11/2018; 10.14 ; 4.82 ; 20.96 ; 2,813.89 ; 3,146.00 
8/11/2018; 9.83 ; 4.78 ; 21.16 ; 2,806.83 ; 3,139.40 
9/11/2018; 9.96 ; 4.80 ; 20.99 ; 2,781.01 ; 3,150.00 
12/11/2018; 9.63 ; 4.69 ; 20.25 ; 2,726.22 ; 3,175.90 
13/11/2018; 9.15 ; 4.63 ; 20.23 ; 2,722.18 ; 3,172.30 
14/11/2018; 9.26 ; 4.58 ; 20.77 ; 2,701.58 ; 3,186.00 
15/11/2018; 9.36 ; 4.73 ; 21.86 ; 2,730.20 ; 3,201.00 
16/11/2018; 9.35 ; 4.89 ; 22.16 ; 2,736.27 ; 3,196.70 
19/11/2018; 9.11 ; 4.86 ; 21.79 ; 2,690.73 ; 3,120.90 
20/11/2018; 8.71 ; 4.67 ; 21.36 ; 2,641.89 ; 3,173.00 
21/11/2018; 8.95 ; 4.34 ; 21.62 ; 2,649.93 ; 3,198.00 
23/11/2018; 8.48 ; 4.25 ; 21.12 ; 2,632.56 ; 3,190.30 
26/11/2018; 8.56 ; 4.24 ; 21.71 ; 2,673.45 ; 3,146.70 
27/11/2018; 8.69 ; 4.13 ; 21.12 ; 2,682.17 ; 3,242.00 
28/11/2018; 8.61 ; 4.16 ; 20.98 ; 2,743.79 ; 3,252.40 
29/11/2018; 8.70 ; 4.20 ; 21.19 ; 2,737.80 ; 3,265.00 
30/11/2018; 8.71 ; 4.16 ; 20.75 ; 2,760.17 ; 3,236.00 
3/12/2018; 9.28 ; 4.24 ; 21.63 ; 2,790.37 ; 3,210.20 
4/12/2018; 8.94 ; 4.26 ; 21.53 ; 2,700.06 ; 3,197.00 
6/12/2018; 8.79 ; 4.24 ; 21.41 ; 2,695.95 ; 3,168.70 
7/12/2018; 8.89 ; 4.29 ; 21.19 ; 2,633.08 ; 3,184.00 
10/12/2018; 8.59 ; 4.26 ; 21.03 ; 2,637.72 ; 3,145.00 
11/12/2018; 8.49 ; 4.29 ; 21.34 ; 2,636.78 ; 3,189.00 
12/12/2018; 8.64 ; 4.22 ; 21.33 ; 2,651.07 ; 3,184.00 
13/12/2018; 8.48 ; 4.24 ; 21.09 ; 2,650.54 ; 3,167.00 
14/12/2018; 8.33 ; 4.09 ; 20.88 ; 2,599.95 ; 3,178.00 
17/12/2018; 8.18 ; 4.07 ; 20.50 ; 2,545.94 ; 3,193.00 
18/12/2018; 7.93 ; 3.96 ; 20.43 ; 2,546.16 ; 3,188.10 
19/12/2018; 7.85 ; 3.87 ; 20.03 ; 2,506.96 ; 3,203.00 
20/12/2018; 7.48 ; 3.86 ; 19.25 ; 2,467.42 ; 3,217.00 
21/12/2018; 7.33 ; 3.75 ; 18.85 ; 2,416.62 ; 3,268.00 
24/12/2018; 6.94 ; 3.68 ; 18.78 ; 2,351.10 ; 3,292.00 
26/12/2018; 7.58 ; 3.82 ; 19.59 ; 2,467.70 ; 3,293.50 
27/12/2018; 7.52 ; 3.81 ; 19.82 ; 2,488.83 ; 3,282.00 
28/12/2018; 7.32 ; 3.82 ; 19.81 ; 2,485.74 ; 3,273.00 
31/12/2018; 7.20 ; 3.89 ; 19.93 ; 2,506.85 ; 3,245.00 
2/01/2019; 7.47 ; 4.00 ; 20.57 ; 2,510.03 ; 3,245.00 
3/01/2019; 7.49 ; 4.02 ; 20.45 ; 2,447.89 ; 3,235.00 
4/01/2019; 7.94 ; 4.25 ; 21.33 ; 2,531.94 ; 3,243.00 
7/01/2019; 8.06 ; 4.26 ; 21.28 ; 2,549.69 ; 3,191.00 
8/01/2019; 8.29 ; 4.27 ; 21.72 ; 2,574.41 ; 3,179.00 
9/01/2019; 8.51 ; 4.34 ; 22.53 ; 2,584.96 ; 3,160.30 
10/01/2019; 8.48 ; 4.49 ; 22.66 ; 2,596.64 ; 3,132.50 
11/01/2019; 8.36 ; 4.51 ; 22.74 ; 2,596.26 ; 3,135.00 
14/01/2019; 8.27 ; 4.52 ; 22.80 ; 2,582.61 ; 3,145.20 
15/01/2019; 8.45 ; 4.49 ; 22.76 ; 2,610.30 ; 3,137.00 
16/01/2019; 8.52 ; 4.52 ; 22.89 ; 2,616.10 ; 3,130.00 
17/01/2019; 8.43 ; 4.47 ; 22.73 ; 2,635.96 ; 3,115.00 
18/01/2019; 8.42 ; 4.44 ; 23.00 ; 2,670.71 ; 3,130.00 
22/01/2019; 8.24 ; 4.34 ; 22.87 ; 2,632.90 ; 3,124.30 
23/01/2019; 8.11 ; 4.31 ; 22.76 ; 2,638.70 ; 3,134.60 
24/01/2019; 8.13 ; 4.41 ; 22.83 ; 2,642.33 ; 3,149.00 
25/01/2019; 8.14 ; 4.51 ; 22.79 ; 2,664.76 ; 3,169.00 
28/01/2019; 8.07 ; 4.49 ; 22.67 ; 2,643.85 ; 3,112.10 
29/01/2019; 8.18 ; 4.50 ; 22.71 ; 2,640.00 ; 3,155.00 
30/01/2019; 8.35 ; 4.52 ; 22.80 ; 2,681.05 ; 3,159.50 
31/01/2019; 8.55 ; 4.58 ; 23.33 ; 2,704.10 ; 3,161.00 
1/02/2019; 8.57 ; 4.55 ; 23.54 ; 2,706.53 ; 3,131.10 
4/02/2019; 8.57 ; 4.70 ; 24.32 ; 2,724.87 ; 3,087.00 
5/02/2019; 8.58 ; 4.74 ; 24.49 ; 2,737.70 ; 3,085.00 
6/02/2019; 8.53 ; 4.72 ; 24.46 ; 2,731.61 ; 3,048.00 
7/02/2019; 8.34 ; 4.69 ; 24.27 ; 2,706.05 ; 3,104.00 
8/02/2019; 8.37 ; 4.67 ; 24.14 ; 2,707.88 ; 3,115.00 
11/02/2019; 8.21 ; 4.67 ; 23.83 ; 2,709.80 ; 3,074.70 
12/02/2019; 8.52 ; 4.72 ; 23.74 ; 2,744.73 ; 3,136.00 
13/02/2019; 8.54 ; 4.70 ; 23.49 ; 2,753.03 ; 3,124.00 
14/02/2019; 8.53 ; 4.71 ; 23.70 ; 2,745.73 ; 3,135.00 
15/02/2019; 8.81 ; 4.75 ; 23.85 ; 2,775.60 ; 3,149.00 
19/02/2019; 8.85 ; 4.83 ; 23.65 ; 2,779.76 ; 3,129.70 
20/02/2019; 9.00 ; 4.81 ; 23.98 ; 2,784.70 ; 3,114.00 
21/02/2019; 8.86 ; 4.81 ; 24.09 ; 2,774.88 ; 3,109.00 
22/02/2019; 8.98 ; 4.88 ; 24.86 ; 2,792.67 ; 3,122.00 
25/02/2019; 9.18 ; 4.97 ; 25.21 ; 2,796.11 ; 3,079.00 
26/02/2019; 9.35 ; 5.06 ; 25.35 ; 2,793.90 ; 3,097.60 
27/02/2019; 9.55 ; 4.99 ; 25.37 ; 2,792.38 ; 3,079.00 
28/02/2019; 9.18 ; 5.13 ; 25.28 ; 2,784.49 ; 3,069.00 
1/03/2019; 9.30 ; 5.04 ; 25.08 ; 2,803.69 ; 3,080.00 
4/03/2019; 9.43 ; 5.01 ; 25.25 ; 2,792.81 ; 3,094.00 
5/03/2019; 9.44 ; 5.00 ; 25.47 ; 2,789.65 ; 3,091.20 
6/03/2019; 9.30 ; 5.10 ; 25.61 ; 2,771.45 ; 3,095.00 
7/03/2019; 9.18 ; 5.02 ; 25.40 ; 2,748.93 ; 3,103.70 
8/03/2019; 8.97 ; 5.00 ; 24.78 ; 2,743.07 ; 3,115.60 
11/03/2019; 9.17 ; 5.00 ; 25.27 ; 2,783.30 ; 3,091.70 
12/03/2019; 9.31 ; 5.07 ; 25.47 ; 2,791.52 ; 3,177.00 
13/03/2019; 9.62 ; 5.01 ; 26.18 ; 2,810.92 ; 3,147.00 
14/03/2019; 9.57 ; 5.06 ; 26.56 ; 2,808.48 ; 3,144.00 
15/03/2019; 9.70 ; 5.08 ; 26.73 ; 2,822.48 ; 3,140.00 
18/03/2019; 10.09 ; 5.18 ; 27.20 ; 2,832.94 ; 3,120.00 
19/03/2019; 10.17 ; 5.23 ; 27.59 ; 2,832.57 ; 3,081.70 
20/03/2019; 10.35 ; 5.23 ; 27.81 ; 2,824.23 ; 3,096.00 
21/03/2019; 10.45 ; 5.18 ; 28.55 ; 2,854.88 ; 3,087.30 
22/03/2019; 9.87 ; 5.14 ; 27.18 ; 2,800.71 ; 3,086.00 
25/03/2019; 9.84 ; 5.08 ; 27.05 ; 2,798.36 ; 3,038.90 
26/03/2019; 10.04 ; 5.10 ; 27.19 ; 2,818.46 ; 3,126.00 
27/03/2019; 9.69 ; 5.08 ; 26.51 ; 2,805.37 ; 3,153.70 
28/03/2019; 9.64 ; 5.08 ; 26.63 ; 2,815.44 ; 3,194.50 
29/03/2019; 9.73 ; 5.17 ; 26.71 ; 2,834.40 ; 3,189.50 
1/04/2019; 9.93 ; 5.19 ; 26.73 ; 2,867.19 ; 3,183.50 
2/04/2019; 9.91 ; 5.18 ; 27.07 ; 2,867.24 ; 3,143.20 
3/04/2019; 9.90 ; 5.20 ; 27.42 ; 2,873.40 ; 3,139.40 
4/04/2019; 9.71 ; 5.26 ; 27.93 ; 2,879.39 ; 3,121.00 
5/04/2019; 9.79 ; 5.32 ; 28.60 ; 2,892.74 ; 3,130.90 
8/04/2019; 9.97 ; 5.44 ; 29.11 ; 2,895.77 ; 3,122.00 
9/04/2019; 9.80 ; 5.63 ; 28.91 ; 2,878.20 ; 3,113.00 
10/04/2019; 9.92 ; 5.61 ; 28.90 ; 2,888.21 ; 3,113.00 
11/04/2019; 9.67 ; 5.60 ; 28.52 ; 2,888.32 ; 3,093.00 
12/04/2019; 9.53 ; 5.56 ; 28.31 ; 2,907.41 ; 3,058.00 
15/04/2019; 9.33 ; 5.50 ; 27.63 ; 2,905.58 ; 3,074.60 
16/04/2019; 9.36 ; 5.48 ; 27.40 ; 2,907.06 ; 3,135.80 
17/04/2019; 9.22 ; 5.55 ; 27.84 ; 2,900.45 ; 3,160.00 
18/04/2019; 9.03 ; 5.49 ; 27.94 ; 2,905.03 ; 3,164.70 
22/04/2019; 9.44 ; 5.48 ; 28.24 ; 2,907.97 ; 3,146.00 
23/04/2019; 9.47 ; 5.49 ; 28.08 ; 2,933.68 ; 3,148.30 
24/04/2019; 9.20 ; 5.37 ; 27.63 ; 2,927.25 ; 3,178.30 
25/04/2019; 9.21 ; 5.34 ; 27.61 ; 2,926.17 ; 3,214.30 
26/04/2019; 9.06 ; 5.34 ; 27.73 ; 2,939.88 ; 3,233.00 
29/04/2019; 9.02 ; 5.34 ; 27.35 ; 2,943.03 ; 3,181.90 
30/04/2019; 9.01 ; 5.26 ; 26.70 ; 2,945.83 ; 3,249.30 
1/05/2019; 8.81 ; 5.27 ; 26.39 ; 2,923.73 ; 3,234.60 
2/05/2019; 8.79 ; 5.24 ; 25.93 ; 2,917.52 ; 3,228.70 
3/05/2019; 8.82 ; 5.25 ; 25.58 ; 2,945.64 ; 3,262.00 
6/05/2019; 8.73 ; 5.20 ; 25.42 ; 2,932.47 ; 3,240.20 
7/05/2019; 8.57 ; 5.16 ; 24.99 ; 2,884.05 ; 3,251.50 
8/05/2019; 8.81 ; 5.16 ; 25.54 ; 2,879.42 ; 3,288.60 
9/05/2019; 9.06 ; 5.12 ; 25.69 ; 2,870.72 ; 3,291.00 
10/05/2019; 9.09 ; 5.08 ; 26.27 ; 2,881.40 ; 3,274.00 
13/05/2019; 8.92 ; 4.96 ; 25.12 ; 2,811.87 ; 3,278.80 
14/05/2019; 9.00 ; 4.90 ; 25.10 ; 2,834.41 ; 3,301.00 
15/05/2019; 9.05 ; 4.82 ; 25.07 ; 2,850.96 ; 3,284.60 
16/05/2019; 9.15 ; 4.75 ; 24.90 ; 2,876.32 ; 3,286.30 
17/05/2019; 9.03 ; 4.70 ; 24.29 ; 2,859.53 ; 3,306.00 
20/05/2019; 8.89 ; 4.69 ; 24.13 ; 2,840.23 ; 3,320.00 
21/05/2019; 9.02 ; 4.76 ; 24.31 ; 2,864.36 ; 3,350.00 
23/05/2019; 8.51 ; 4.64 ; 23.78 ; 2,822.24 ; 3,300.90 
24/05/2019; 8.71 ; 4.76 ; 23.96 ; 2,826.06 ; 3,375.00 
28/05/2019; 8.10 ; 4.60 ; 23.64 ; 2,802.39 ; 3,357.40 
29/05/2019; 8.31 ; 4.67 ; 24.48 ; 2,783.02 ; 3,321.80 
30/05/2019; 8.16 ; 4.69 ; 24.61 ; 2,788.86 ; 3,350.00 
31/05/2019; 7.99 ; 4.66 ; 24.72 ; 2,752.06 ; 3,362.00 
3/06/2019; 8.20 ; 4.71 ; 24.28 ; 2,744.45 ; 3,304.60 
4/06/2019; 8.36 ; 4.73 ; 25.41 ; 2,803.27 ; 3,372.00 
5/06/2019; 8.15 ; 4.66 ; 25.06 ; 2,826.15 ; 3,372.00 
6/06/2019; 8.22 ; 4.68 ; 25.38 ; 2,843.49 ; 3,303.00 
7/06/2019; 8.53 ; 4.77 ; 25.54 ; 2,873.34 ; 3,286.00 
10/06/2019; 8.46 ; 4.84 ; 25.66 ; 2,886.73 ; 3,266.00 
11/06/2019; 8.38 ; 4.86 ; 26.26 ; 2,885.72 ; 3,249.90 
12/06/2019; 8.10 ; 4.87 ; 25.85 ; 2,879.84 ; 3,254.00 
13/06/2019; 8.28 ; 4.98 ; 25.90 ; 2,891.64 ; 3,265.00 
14/06/2019; 8.26 ; 4.99 ; 25.58 ; 2,886.98 ; 3,266.00 
17/06/2019; 8.36 ; 4.97 ; 25.31 ; 2,889.67 ; 3,231.80 
18/06/2019; 8.61 ; 5.10 ; 26.11 ; 2,917.75 ; 3,287.30 
19/06/2019; 8.77 ; 5.12 ; 26.72 ; 2,926.46 ; 3,253.00 
20/06/2019; 9.06 ; 5.23 ; 26.94 ; 2,954.18 ; 3,248.20 
21/06/2019; 9.13 ; 5.13 ; 26.73 ; 2,950.46 ; 3,188.00 
24/06/2019; 9.14 ; 5.26 ; 27.15 ; 2,945.35 ; 3,184.80 
25/06/2019; 9.13 ; 5.30 ; 26.99 ; 2,917.38 ; 3,197.30 
26/06/2019; 9.15 ; 5.27 ; 27.23 ; 2,913.78 ; 3,188.00 
27/06/2019; 8.97 ; 5.28 ; 26.96 ; 2,924.92 ; 3,183.00 
28/06/2019; 8.92 ; 5.38 ; 27.04 ; 2,941.76 ; 3,196.40 
1/07/2019; 9.13 ; 5.40 ; 27.09 ; 2,964.33 ; 3,211.00 
2/07/2019; 8.82 ; 5.31 ; 26.81 ; 2,973.01 ; 3,208.00 
3/07/2019; 8.93 ; 5.32 ; 26.79 ; 2,995.82 ; 3,164.30 
5/07/2019; 9.15 ; 5.55 ; 27.03 ; 2,990.41 ; 3,194.00 
8/07/2019; 9.11 ; 5.42 ; 26.79 ; 2,975.95 ; 3,207.00 
9/07/2019; 9.12 ; 5.49 ; 26.86 ; 2,979.63 ; 3,207.20 
10/07/2019; 9.35 ; 5.49 ; 27.09 ; 2,993.07 ; 3,216.00 
11/07/2019; 9.35 ; 5.46 ; 27.40 ; 2,999.91 ; 3,204.00 
12/07/2019; 9.33 ; 5.40 ; 27.26 ; 3,013.77 ; 3,207.20 
15/07/2019; 9.26 ; 5.47 ; 27.53 ; 3,014.30 ; 3,207.20 
16/07/2019; 9.20 ; 5.51 ; 27.99 ; 3,004.04 ; 3,188.00 
17/07/2019; 9.20 ; 5.54 ; 27.86 ; 2,984.42 ; 3,198.00 
18/07/2019; 9.08 ; 5.46 ; 27.47 ; 2,995.11 ; 3,183.00 
19/07/2019; 9.23 ; 5.47 ; 27.82 ; 2,976.61 ; 3,172.00 
22/07/2019; 9.28 ; 5.49 ; 27.48 ; 2,985.03 ; 3,133.70 
23/07/2019; 9.21 ; 5.49 ; 27.95 ; 3,005.47 ; 3,172.10 
24/07/2019; 9.13 ; 5.48 ; 27.36 ; 3,019.56 ; 3,184.60 
25/07/2019; 9.07 ; 5.32 ; 27.13 ; 3,003.67 ; 3,198.00 
26/07/2019; 8.98 ; 5.34 ; 27.03 ; 3,025.86 ; 3,198.00 
29/07/2019; 8.87 ; 5.30 ; 26.70 ; 3,020.97 ; 3,237.00 
30/07/2019; 8.80 ; 5.11 ; 26.28 ; 3,013.18 ; 3,271.30 
31/07/2019; 8.74 ; 5.09 ; 26.43 ; 2,980.38 ; 3,296.00 
1/08/2019; 8.53 ; 5.05 ; 25.52 ; 2,953.56 ; 3,289.80 
2/08/2019; 8.38 ; 5.01 ; 25.78 ; 2,932.05 ; 3,338.00 
5/08/2019; 8.04 ; 4.79 ; 24.58 ; 2,844.74 ; 3,382.00 
6/08/2019; 8.11 ; 4.87 ; 25.78 ; 2,881.77 ; 3,453.00 
7/08/2019; 7.94 ; 4.96 ; 26.45 ; 2,883.98 ; 3,425.00 
8/08/2019; 8.22 ; 4.99 ; 26.79 ; 2,938.09 ; 3,445.00 
9/08/2019; 8.14 ; 4.98 ; 26.77 ; 2,918.65 ; 3,366.00 
12/08/2019; 7.98 ; 4.93 ; 26.39 ; 2,882.70 ; 3,393.00 
13/08/2019; 8.14 ; 5.01 ; 27.28 ; 2,926.32 ; 3,427.90 
14/08/2019; 7.74 ; 4.80 ; 26.24 ; 2,840.60 ; 3,393.50 
15/08/2019; 7.66 ; 4.84 ; 26.49 ; 2,847.60 ; 3,446.20 
16/08/2019; 7.79 ; 4.89 ; 26.91 ; 2,888.68 ; 3,437.20 
19/08/2019; 7.85 ; 4.86 ; 27.45 ; 2,923.65 ; 3,439.50 
20/08/2019; 7.80 ; 4.95 ; 27.27 ; 2,900.51 ; 3,427.00 
21/08/2019; 7.92 ; 5.06 ; 26.82 ; 2,924.43 ; 3,419.20 
22/08/2019; 7.73 ; 4.96 ; 26.52 ; 2,922.95 ; 3,377.10 
23/08/2019; 7.45 ; 4.84 ; 25.82 ; 2,847.11 ; 3,374.00 
26/08/2019; 7.55 ; 4.87 ; 26.06 ; 2,878.38 ; 3,290.00 
27/08/2019; 7.46 ; 4.74 ; 25.87 ; 2,869.16 ; 3,431.00 
28/08/2019; 7.45 ; 4.81 ; 25.84 ; 2,887.94 ; 3,458.80 
29/08/2019; 7.59 ; 4.98 ; 26.32 ; 2,924.58 ; 3,473.00 
30/08/2019; 7.70 ; 4.99 ; 26.39 ; 2,926.46 ; 3,436.00 
3/09/2019; 7.66 ; 5.00 ; 26.20 ; 2,906.27 ; 3,448.00 
4/09/2019; 7.86 ; 5.04 ; 26.64 ; 2,937.78 ; 3,437.00 
5/09/2019; 8.06 ; 5.08 ; 26.19 ; 2,976.00 ; 3,399.90 
6/09/2019; 8.18 ; 5.08 ; 26.32 ; 2,978.71 ; 3,374.60 
9/09/2019; 8.26 ; 5.07 ; 26.08 ; 2,978.43 ; 3,302.10 
10/09/2019; 8.37 ; 5.04 ; 26.06 ; 2,979.39 ; 3,303.00 
11/09/2019; 8.33 ; 5.15 ; 27.03 ; 3,000.93 ; 3,360.80 
12/09/2019; 8.51 ; 5.22 ; 26.95 ; 3,009.57 ; 3,374.00 
13/09/2019; 8.38 ; 5.19 ; 26.35 ; 3,007.39 ; 3,353.40 
16/09/2019; 8.76 ; 5.25 ; 27.02 ; 2,997.96 ; 3,355.10 
17/09/2019; 8.66 ; 5.15 ; 27.08 ; 3,005.70 ; 3,362.00 
18/09/2019; 8.62 ; 5.20 ; 26.86 ; 3,006.73 ; 3,377.80 
19/09/2019; 8.58 ; 5.21 ; 26.87 ; 3,006.79 ; 3,372.00 
20/09/2019; 8.57 ; 5.14 ; 26.65 ; 2,992.07 ; 3,376.40 
23/09/2019; 8.51 ; 5.15 ; 26.93 ; 2,991.78 ; 3,403.70 
24/09/2019; 8.42 ; 5.16 ; 27.14 ; 2,966.60 ; 3,434.00 
25/09/2019; 8.38 ; 5.13 ; 27.36 ; 2,984.87 ; 3,433.00 
26/09/2019; 8.43 ; 5.11 ; 27.21 ; 2,977.62 ; 3,431.00 
27/09/2019; 8.40 ; 5.07 ; 26.83 ; 2,961.79 ; 3,443.00 
30/09/2019; 8.30 ; 5.10 ; 26.37 ; 2,976.74 ; 3,400.70 
1/10/2019; 8.18 ; 5.06 ; 26.35 ; 2,940.25 ; 3,421.00 
2/10/2019; 8.05 ; 5.04 ; 26.33 ; 2,887.61 ; 3,423.80 
3/10/2019; 8.27 ; 5.11 ; 27.03 ; 2,910.63 ; 3,438.50 
4/10/2019; 8.30 ; 5.20 ; 27.09 ; 2,952.01 ; 3,444.00 
7/10/2019; 8.29 ; 5.16 ; 26.67 ; 2,938.79 ; 3,405.70 
8/10/2019; 8.15 ; 5.05 ; 26.39 ; 2,893.06 ; 3,439.00 
9/10/2019; 8.20 ; 5.14 ; 26.33 ; 2,919.40 ; 3,448.00 
10/10/2019; 8.32 ; 5.08 ; 26.57 ; 2,938.13 ; 3,464.00 
11/10/2019; 8.53 ; 5.12 ; 26.63 ; 2,970.27 ; 3,465.00 
14/10/2019; 8.45 ; 5.08 ; 26.27 ; 2,966.15 ; 3,414.77 
15/10/2019; 8.49 ; 5.03 ; 26.11 ; 2,995.68 ; 3,384.82 
16/10/2019; 8.41 ; 5.06 ; 26.07 ; 2,989.69 ; 3,450.00 
17/10/2019; 8.36 ; 5.09 ; 26.45 ; 2,997.95 ; 3,456.00 
18/10/2019; 8.26 ; 5.13 ; 26.38 ; 2,986.20 ; 3,456.00 
21/10/2019; 8.23 ; 5.11 ; 26.66 ; 3,006.72 ; 3,424.00 
22/10/2019; 8.41 ; 5.28 ; 27.19 ; 2,995.99 ; 3,447.00 
23/10/2019; 8.66 ; 5.24 ; 26.98 ; 3,004.52 ; 3,430.00 
24/10/2019; 8.63 ; 5.34 ; 27.19 ; 3,010.29 ; 3,389.00 
25/10/2019; 8.75 ; 5.41 ; 27.75 ; 3,022.55 ; 3,369.00 
28/10/2019; 8.77 ; 5.46 ; 27.61 ; 3,039.42 ; 3,394.00 
29/10/2019; 8.86 ; 5.59 ; 27.97 ; 3,036.89 ; 3,381.00 
30/10/2019; 8.79 ; 5.59 ; 27.75 ; 3,046.77 ; 3,373.00 
31/10/2019; 8.90 ; 5.59 ; 27.66 ; 3,037.56 ; 3,387.00 
1/11/2019; 9.06 ; 5.73 ; 28.31 ; 3,066.91 ; 3,374.00 
4/11/2019; 9.15 ; 5.72 ; 28.74 ; 3,078.27 ; 3,335.19 
5/11/2019; 9.28 ; 5.81 ; 29.31 ; 3,074.62 ; 3,320.00 
6/11/2019; 9.12 ; 5.73 ; 29.03 ; 3,076.78 ; 3,315.00 
7/11/2019; 9.23 ; 5.75 ; 29.03 ; 3,085.18 ; 3,308.00 
8/11/2019; 9.16 ; 5.75 ; 28.64 ; 3,093.08 ; 3,316.00 
11/11/2019; 9.24 ; 5.79 ; 28.42 ; 3,087.01 ; 3,336.00 
12/11/2019; 8.90 ; 5.73 ; 28.10 ; 3,091.84 ; 3,316.00 
13/11/2019; 8.86 ; 5.53 ; 27.48 ; 3,094.04 ; 3,335.00 
14/11/2019; 8.87 ; 5.50 ; 27.28 ; 3,096.63 ; 3,448.00 
15/11/2019; 8.96 ; 5.62 ; 27.70 ; 3,120.46 ; 3,450.00 
18/11/2019; 8.79 ; 5.69 ; 27.35 ; 3,122.03 ; 3,402.77 
19/11/2019; 8.76 ; 5.63 ; 27.08 ; 3,120.18 ; 3,447.00 
20/11/2019; 8.87 ; 5.56 ; 27.04 ; 3,108.46 ; 3,433.00 
21/11/2019; 8.94 ; 5.46 ; 27.33 ; 3,103.54 ; 3,442.00 
22/11/2019; 9.00 ; 5.50 ; 27.25 ; 3,110.29 ; 3,435.00 
25/11/2019; 8.98 ; 5.46 ; 27.05 ; 3,133.64 ; 3,424.00 
26/11/2019; 8.80 ; 5.32 ; 26.09 ; 3,140.52 ; 3,427.25 
27/11/2019; 8.94 ; 5.37 ; 25.76 ; 3,153.63 ; 3,473.75 
29/11/2019; 8.93 ; 5.49 ; 25.74 ; 3,140.98 ; 3,510.86 
2/12/2019; 8.90 ; 5.49 ; 25.74 ; 3,113.87 ; 3,460.29 
3/12/2019; 8.89 ; 5.58 ; 25.86 ; 3,093.20 ; 3,502.25 
4/12/2019; 9.32 ; 5.54 ; 26.64 ; 3,112.76 ; 3,502.15 
5/12/2019; 9.18 ; 5.58 ; 26.95 ; 3,117.43 ; 3,468.75 
6/12/2019; 9.38 ; 5.68 ; 27.26 ; 3,145.91 ; 3,457.15 
9/12/2019; 9.37 ; 5.67 ; 27.20 ; 3,135.96 ; 3,422.75 
10/12/2019; 9.32 ; 5.68 ; 27.16 ; 3,132.52 ; 3,415.15 
11/12/2019; 9.44 ; 5.72 ; 27.61 ; 3,141.63 ; 3,404.75 
12/12/2019; 9.55 ; 5.77 ; 27.87 ; 3,168.57 ; 3,374.25 
13/12/2019; 9.53 ; 5.77 ; 28.16 ; 3,168.80 ; 3,371.25 
16/12/2019; 9.67 ; 5.78 ; 28.90 ; 3,191.45 ; 3,384.25 
17/12/2019; 9.69 ; 5.80 ; 28.89 ; 3,192.52 ; 3,352.35 
18/12/2019; 9.64 ; 5.85 ; 29.46 ; 3,191.14 ; 3,340.45 
19/12/2019; 9.80 ; 5.92 ; 29.77 ; 3,205.37 ; 3,323.76 
20/12/2019; 9.84 ; 5.92 ; 29.28 ; 3,221.22 ; 3,312.00 
23/12/2019; 10.04 ; 6.03 ; 29.49 ; 3,224.01 ; 3,315.00 
24/12/2019; 10.09 ; 6.00 ; 29.52 ; 3,223.38 ; 3,309.76 
26/12/2019; 10.14 ; 6.04 ; 29.67 ; 3,239.91 ; 3,296.25 
27/12/2019; 10.12 ; 6.00 ; 29.40 ; 3,240.02 ; 3,287.50 
30/12/2019; 10.14 ; 5.98 ; 29.36 ; 3,221.29 ; 3,298.50 
31/12/2019; 9.99 ; 6.03 ; 29.38 ; 3,230.78 ; 3,283.01 
2/01/2020; 10.16 ; 6.08 ; 29.61 ; 3,257.85 ; 3,279.76 
3/01/2020; 10.25 ; 6.09 ; 29.50 ; 3,234.85 ; 3,252.75 
6/01/2020; 10.21 ; 6.11 ; 29.61 ; 3,246.28 ; 3,256.90 
7/01/2020; 10.26 ; 6.05 ; 29.76 ; 3,237.18 ; 3,244.46 
8/01/2020; 10.18 ; 6.12 ; 30.00 ; 3,253.05 ; 3,274.25 
9/01/2020; 10.23 ; 6.12 ; 29.21 ; 3,274.70 ; 3,240.25 
10/01/2020; 10.36 ; 6.11 ; 28.96 ; 3,265.35 ; 3,255.15 
13/01/2020; 10.48 ; 6.12 ; 29.23 ; 3,288.13 ; 3,204.05 
14/01/2020; 10.31 ; 6.14 ; 29.03 ; 3,283.15 ; 3,269.00 
15/01/2020; 10.24 ; 6.07 ; 28.96 ; 3,289.29 ; 3,286.75 
16/01/2020; 10.21 ; 6.00 ; 29.08 ; 3,316.81 ; 3,298.40 
17/01/2020; 10.19 ; 6.00 ; 29.47 ; 3,329.62 ; 3,321.10 
21/01/2020; 10.03 ; 5.94 ; 29.07 ; 3,320.79 ; 3,330.50 
22/01/2020; 9.99 ; 6.03 ; 29.30 ; 3,321.75 ; 3,354.35 
23/01/2020; 9.82 ; 5.99 ; 29.02 ; 3,325.54 ; 3,329.75 
24/01/2020; 9.76 ; 5.91 ; 28.98 ; 3,295.47 ; 3,359.57 
27/01/2020; 9.39 ; 5.75 ; 28.24 ; 3,243.63 ; 3,363.32 
28/01/2020; 9.43 ; 5.84 ; 28.65 ; 3,276.24 ; 3,398.25 
29/01/2020; 9.37 ; 5.84 ; 28.64 ; 3,273.40 ; 3,384.00 
30/01/2020; 9.36 ; 5.87 ; 28.59 ; 3,283.66 ; 3,385.80 
31/01/2020; 9.26 ; 5.86 ; 28.14 ; 3,225.52 ; 3,413.25 
3/02/2020; 9.26 ; 5.87 ; 28.42 ; 3,248.92 ; 3,418.32 
4/02/2020; 9.44 ; 5.97 ; 29.29 ; 3,297.59 ; 3,393.75 
5/02/2020; 9.49 ; 6.02 ; 29.46 ; 3,334.69 ; 3,392.63 
6/02/2020; 9.42 ; 6.01 ; 29.76 ; 3,345.78 ; 3,363.05 
7/02/2020; 9.38 ; 5.93 ; 29.71 ; 3,327.71 ; 3,378.70 
10/02/2020; 9.34 ; 5.89 ; 29.53 ; 3,352.09 ; 3,408.48 
11/02/2020; 9.61 ; 5.93 ; 29.26 ; 3,357.75 ; 3,454.75 
12/02/2020; 9.96 ; 5.98 ; 29.47 ; 3,379.45 ; 3,418.60 
13/02/2020; 9.91 ; 6.03 ; 29.47 ; 3,373.94 ; 3,386.25 
14/02/2020; 9.77 ; 6.02 ; 29.39 ; 3,380.16 ; 3,374.80 
18/02/2020; 9.86 ; 6.07 ; 29.24 ; 3,370.29 ; 3,394.61 
19/02/2020; 10.20 ; 6.12 ; 29.67 ; 3,386.15 ; 3,287.00 
20/02/2020; 10.09 ; 6.05 ; 29.17 ; 3,373.23 ; 3,383.75 
21/02/2020; 10.11 ; 6.03 ; 26.93 ; 3,337.75 ; 3,402.65 
24/02/2020; 9.70 ; 5.98 ; 25.97 ; 3,225.89 ; 3,394.24 
25/02/2020; 9.57 ; 5.97 ; 26.27 ; 3,128.21 ; 3,428.46 
26/02/2020; 9.44 ; 5.85 ; 26.24 ; 3,116.39 ; 3,434.50 
27/02/2020; 8.90 ; 5.72 ; 25.93 ; 2,978.76 ; 3,456.25 
28/02/2020; 8.83 ; 5.66 ; 25.46 ; 2,954.22 ; 3,500.25 
2/03/2020; 8.91 ; 5.69 ; 24.99 ; 3,090.23 ; 3,498.56 
3/03/2020; 8.75 ; 5.62 ; 24.14 ; 3,003.37 ; 3,458.25 
4/03/2020; 9.07 ; 5.66 ; 24.67 ; 3,130.12 ; 3,460.25 
5/03/2020; 8.98 ; 5.57 ; 23.95 ; 3,023.94 ; 3,478.24 
6/03/2020; 8.21 ; 5.36 ; 22.85 ; 2,972.37 ; 3,540.25 
9/03/2020; 6.10 ; 4.73 ; 18.49 ; 2,746.56 ; 3,587.50 
10/03/2020; 6.32 ; 4.73 ; 19.63 ; 2,882.23 ; 3,803.25 
11/03/2020; 5.69 ; 4.34 ; 17.75 ; 2,741.38 ; 3,763.25 
12/03/2020; 4.85 ; 3.64 ; 15.56 ; 2,480.64 ; 3,743.35 
13/03/2020; 5.42 ; 4.14 ; 15.67 ; 2,711.02 ; 4,023.25 
16/03/2020; 4.14 ; 3.26 ; 12.48 ; 2,386.13 ; 3,975.24 
17/03/2020; 4.00 ; 3.17 ; 13.17 ; 2,529.19 ; 4,078.25 
18/03/2020; 3.34 ; 2.58 ; 11.01 ; 2,398.10 ; 3,996.75 
19/03/2020; 3.50 ; 2.61 ; 10.21 ; 2,409.39 ; 4,156.25 
20/03/2020; 3.60 ; 2.50 ; 10.20 ; 2,304.92 ; 4,087.00 
23/03/2020; 3.58 ; 2.32 ; 8.89 ; 2,237.40 ; 4,118.75 
24/03/2020; 3.90 ; 2.42 ; 9.28 ; 2,447.33 ; 4,174.75 
25/03/2020; 4.39 ; 2.84 ; 11.99 ; 2,475.56 ; 4,174.49 
26/03/2020; 5.04 ; 3.28 ; 14.07 ; 2,630.07 ; 4,064.26 
27/03/2020; 4.61 ; 3.12 ; 12.94 ; 2,541.47 ; 3,980.00 
30/03/2020; 4.55 ; 3.03 ; 13.29 ; 2,626.65 ; 3,893.48 
31/03/2020; 4.76 ; 3.05 ; 13.73 ; 2,584.59 ; 4,061.55 
1/04/2020; 4.51 ; 2.87 ; 13.00 ; 2,470.50 ; 4,057.25 
2/04/2020; 5.12 ; 2.93 ; 13.29 ; 2,526.90 ; 4,084.50 
3/04/2020; 5.58 ; 3.08 ; 13.40 ; 2,488.65 ; 4,038.26 
6/04/2020; 5.62 ; 3.28 ; 14.50 ; 2,663.68 ; 4,027.25 
7/04/2020; 5.67 ; 3.32 ; 14.59 ; 2,659.41 ; 3,979.25 
8/04/2020; 6.01 ; 3.31 ; 14.82 ; 2,749.98 ; 3,906.27 
9/04/2020; 5.97 ; 3.30 ; 15.36 ; 2,789.82 ; 3,897.25 
13/04/2020; 5.79 ; 3.40 ; 15.23 ; 2,761.63 ; 3,825.25 
14/04/2020; 5.72 ; 3.36 ; 15.65 ; 2,846.06 ; 3,865.75 
15/04/2020; 5.36 ; 3.36 ; 15.48 ; 2,783.36 ; 3,847.26 
16/04/2020; 5.31 ; 3.27 ; 14.97 ; 2,799.55 ; 3,910.26 
17/04/2020; 5.47 ; 3.29 ; 15.35 ; 2,874.56 ; 3,972.76 
20/04/2020; 5.26 ; 3.25 ; 15.03 ; 2,823.16 ; 3,933.25 
21/04/2020; 4.92 ; 3.09 ; 13.67 ; 2,736.56 ; 3,974.85 
22/04/2020; 5.18 ; 3.11 ; 13.37 ; 2,799.31 ; 4,045.77 
23/04/2020; 5.38 ; 2.94 ; 13.34 ; 2,797.80 ; 4,026.00 
24/04/2020; 5.20 ; 2.83 ; 13.22 ; 2,836.74 ; 4,020.24 
27/04/2020; 5.33 ; 2.82 ; 13.44 ; 2,878.48 ; 4,039.75 
28/04/2020; 5.62 ; 2.87 ; 13.93 ; 2,863.39 ; 4,033.69 
29/04/2020; 5.81 ; 3.00 ; 14.32 ; 2,939.51 ; 4,033.21 
30/04/2020; 5.72 ; 2.95 ; 14.36 ; 2,912.43 ; 3,919.00 
1/05/2020; 5.15 ; 2.80 ; 13.80 ; 2,830.71 ; 3,952.75 
4/05/2020; 5.40 ; 2.87 ; 13.95 ; 2,842.74 ; 3,954.49 
5/05/2020; 5.51 ; 2.87 ; 13.41 ; 2,868.44 ; 3,986.91 
6/05/2020; 5.34 ; 2.83 ; 13.15 ; 2,848.42 ; 3,925.75 
7/05/2020; 5.48 ; 2.81 ; 13.58 ; 2,881.19 ; 3,961.52 
8/05/2020; 5.86 ; 2.87 ; 13.76 ; 2,929.80 ; 3,919.09 
11/05/2020; 5.77 ; 2.77 ; 13.50 ; 2,930.19 ; 3,894.75 
12/05/2020; 5.62 ; 2.82 ; 13.18 ; 2,870.12 ; 3,896.01 
13/05/2020; 5.31 ; 2.73 ; 12.41 ; 2,820.00 ; 3,883.00 
14/05/2020; 5.35 ; 2.67 ; 12.37 ; 2,852.50 ; 3,906.26 
15/05/2020; 5.43 ; 2.70 ; 12.55 ; 2,863.70 ; 3,940.26 
18/05/2020; 5.77 ; 2.84 ; 13.21 ; 2,953.91 ; 3,911.25 
19/05/2020; 5.63 ; 2.78 ; 12.61 ; 2,922.94 ; 3,851.25 
20/05/2020; 5.83 ; 2.85 ; 12.91 ; 2,971.61 ; 3,831.25 
21/05/2020; 5.76 ; 2.88 ; 12.96 ; 2,948.51 ; 3,815.39 
22/05/2020; 5.75 ; 2.86 ; 12.69 ; 2,955.45 ; 3,769.04 
26/05/2020; 5.81 ; 2.98 ; 13.35 ; 2,991.77 ; 3,776.71 
27/05/2020; 5.90 ; 3.03 ; 14.10 ; 3,036.13 ; 3,729.75 
28/05/2020; 5.76 ; 3.11 ; 14.18 ; 3,029.73 ; 3,733.75 
29/05/2020; 5.69 ; 3.11 ; 14.23 ; 3,044.31 ; 3,698.26 
1/06/2020; 5.89 ; 3.24 ; 14.86 ; 3,055.73 ; 3,728.25 
2/06/2020; 6.18 ; 3.31 ; 15.29 ; 3,080.82 ; 3,710.00 
3/06/2020; 6.53 ; 3.41 ; 16.39 ; 3,122.87 ; 3,634.69 
4/06/2020; 6.56 ; 3.48 ; 16.88 ; 3,112.35 ; 3,605.25 
5/06/2020; 7.19 ; 3.68 ; 18.03 ; 3,193.93 ; 3,586.74 
8/06/2020; 7.37 ; 3.67 ; 18.56 ; 3,232.39 ; 3,571.45 
9/06/2020; 7.16 ; 3.55 ; 17.38 ; 3,207.18 ; 3,608.24 
10/06/2020; 6.88 ; 3.39 ; 16.30 ; 3,190.14 ; 3,655.75 
11/06/2020; 6.01 ; 3.18 ; 14.94 ; 3,002.10 ; 3,670.00 
12/06/2020; 6.21 ; 3.27 ; 15.63 ; 3,041.31 ; 3,768.00 
15/06/2020; 6.13 ; 3.27 ; 15.97 ; 3,066.59 ; 3,776.75 
16/06/2020; 6.54 ; 3.28 ; 15.11 ; 3,124.74 ; 3,773.00 
17/06/2020; 6.26 ; 3.23 ; 15.22 ; 3,113.49 ; 3,745.35 
18/06/2020; 6.20 ; 3.23 ; 15.05 ; 3,115.34 ; 3,746.04 
19/06/2020; 6.19 ; 3.19 ; 15.08 ; 3,097.74 ; 3,748.75 
22/06/2020; 6.13 ; 3.09 ; 14.35 ; 3,117.86 ; 3,746.25 
23/06/2020; 6.36 ; 3.20 ; 14.69 ; 3,131.29 ; 3,725.75 
24/06/2020; 6.03 ; 3.07 ; 14.50 ; 3,050.33 ; 3,699.75 
25/06/2020; 6.18 ; 3.20 ; 14.62 ; 3,083.76 ; 3,727.25 
26/06/2020; 6.01 ; 3.09 ; 14.52 ; 3,009.05 ; 3,730.25 
29/06/2020; 6.09 ; 3.06 ; 14.61 ; 3,053.24 ; 3,727.51 
30/06/2020; 6.09 ; 3.11 ; 14.65 ; 3,100.29 ; 3,743.75 
1/07/2020; 6.07 ; 3.11 ; 14.86 ; 3,115.86 ; 3,756.25 
2/07/2020; 6.22 ; 3.21 ; 15.21 ; 3,130.01 ; 3,713.75 
6/07/2020; 6.32 ; 3.26 ; 15.33 ; 3,179.72 ; 3,648.30 
7/07/2020; 6.16 ; 3.24 ; 15.26 ; 3,145.32 ; 3,633.47 
8/07/2020; 6.25 ; 3.34 ; 15.81 ; 3,169.94 ; 3,624.35 
9/07/2020; 6.11 ; 3.30 ; 15.40 ; 3,152.05 ; 3,639.35 
10/07/2020; 6.25 ; 3.31 ; 15.65 ; 3,185.04 ; 3,621.70 
13/07/2020; 6.27 ; 3.32 ; 15.21 ; 3,155.22 ; 3,621.36 
14/07/2020; 6.51 ; 3.33 ; 14.98 ; 3,197.52 ; 3,615.74 
15/07/2020; 6.50 ; 3.38 ; 15.09 ; 3,226.56 ; 3,622.25 
16/07/2020; 6.48 ; 3.39 ; 15.15 ; 3,215.57 ; 3,622.10 
17/07/2020; 6.61 ; 3.36 ; 14.80 ; 3,224.73 ; 3,638.97 
20/07/2020; 6.41 ; 3.28 ; 14.37 ; 3,251.84 ; 3,651.35 
21/07/2020; 6.77 ; 3.43 ; 15.30 ; 3,257.30 ; 3,649.75 
22/07/2020; 6.70 ; 3.44 ; 15.48 ; 3,276.02 ; 3,613.25 
23/07/2020; 6.63 ; 3.43 ; 15.58 ; 3,235.66 ; 3,633.67 
24/07/2020; 6.60 ; 3.37 ; 15.50 ; 3,215.63 ; 3,666.95 
27/07/2020; 6.67 ; 3.41 ; 15.96 ; 3,239.41 ; 3,689.45 
28/07/2020; 6.50 ; 3.37 ; 15.71 ; 3,218.44 ; 3,673.75 
29/07/2020; 6.63 ; 3.38 ; 15.88 ; 3,258.44 ; 3,721.07 
30/07/2020; 6.43 ; 3.35 ; 15.75 ; 3,246.22 ; 3,704.15 
31/07/2020; 6.37 ; 3.27 ; 15.55 ; 3,271.12 ; 3,720.35 
3/08/2020; 6.27 ; 3.24 ; 15.09 ; 3,294.61 ; 3,731.58 
4/08/2020; 6.37 ; 3.22 ; 14.72 ; 3,306.51 ; 3,768.35 
5/08/2020; 6.40 ; 3.23 ; 14.70 ; 3,327.77 ; 3,780.25 
6/08/2020; 6.34 ; 3.23 ; 14.61 ; 3,349.16 ; 3,773.75 
7/08/2020; 6.27 ; 3.17 ; 14.01 ; 3,351.28 ; 3,740.75 
10/08/2020; 6.32 ; 3.21 ; 14.79 ; 3,360.47 ; 3,761.20 
11/08/2020; 6.34 ; 3.29 ; 14.83 ; 3,333.69 ; 3,770.32 
12/08/2020; 6.48 ; 3.24 ; 14.62 ; 3,380.35 ; 3,741.24 
13/08/2020; 6.33 ; 3.29 ; 14.78 ; 3,373.43 ; 3,754.25 
14/08/2020; 6.31 ; 3.24 ; 14.64 ; 3,372.85 ; 3,770.25 
17/08/2020; 6.27 ; 3.18 ; 14.29 ; 3,381.99 ; 3,787.88 
18/08/2020; 6.33 ; 3.22 ; 14.75 ; 3,389.78 ; 3,791.26 
19/08/2020; 6.32 ; 3.31 ; 14.82 ; 3,374.85 ; 3,781.75 
20/08/2020; 6.20 ; 3.31 ; 14.95 ; 3,385.51 ; 3,755.50 
21/08/2020; 6.17 ; 3.29 ; 14.81 ; 3,397.16 ; 3,802.25 
24/08/2020; 6.31 ; 3.38 ; 15.21 ; 3,431.28 ; 3,834.25 
25/08/2020; 6.34 ; 3.47 ; 15.53 ; 3,443.62 ; 3,854.75 
26/08/2020; 6.24 ; 3.47 ; 15.70 ; 3,478.73 ; 3,866.15 
27/08/2020; 6.16 ; 3.46 ; 15.65 ; 3,484.55 ; 3,833.80 
28/08/2020; 6.38 ; 3.58 ; 16.02 ; 3,508.01 ; 3,814.68 
31/08/2020; 6.23 ; 3.51 ; 15.63 ; 3,500.31 ; 3,743.75 
1/09/2020; 6.52 ; 3.67 ; 16.81 ; 3,526.65 ; 3,738.70 
2/09/2020; 6.48 ; 3.74 ; 16.84 ; 3,580.84 ; 3,674.10 
3/09/2020; 6.42 ; 3.69 ; 16.59 ; 3,455.06 ; 3,656.25 
4/09/2020; 6.33 ; 3.67 ; 16.65 ; 3,426.96 ; 3,668.10 
8/09/2020; 6.02 ; 3.56 ; 16.23 ; 3,331.84 ; 3,713.25 
9/09/2020; 6.12 ; 3.59 ; 16.48 ; 3,398.96 ; 3,737.26 
10/09/2020; 5.93 ; 3.54 ; 15.87 ; 3,339.19 ; 3,712.16 
11/09/2020; 5.96 ; 3.54 ; 15.59 ; 3,340.97 ; 3,708.25 
14/09/2020; 5.93 ; 3.53 ; 15.43 ; 3,383.54 ; 3,703.76 
15/09/2020; 5.99 ; 3.48 ; 15.35 ; 3,401.20 ; 3,686.92 
16/09/2020; 6.07 ; 3.51 ; 15.47 ; 3,385.49 ; 3,698.36 
17/09/2020; 6.07 ; 3.49 ; 15.24 ; 3,357.01 ; 3,684.25 
18/09/2020; 6.07 ; 3.47 ; 15.11 ; 3,319.47 ; 3,713.37 
21/09/2020; 5.80 ; 3.42 ; 14.91 ; 3,281.06 ; 3,728.26 
22/09/2020; 5.75 ; 3.36 ; 14.57 ; 3,315.57 ; 3,787.00 
23/09/2020; 5.58 ; 3.31 ; 14.31 ; 3,236.92 ; 3,825.90 
24/09/2020; 5.56 ; 3.36 ; 14.55 ; 3,246.59 ; 3,824.27 
25/09/2020; 5.43 ; 3.31 ; 14.42 ; 3,298.46 ; 3,825.25 
28/09/2020; 5.55 ; 3.36 ; 14.49 ; 3,351.60 ; 3,885.25 
29/09/2020; 5.35 ; 3.34 ; 14.11 ; 3,335.47 ; 3,871.25 
30/09/2020; 5.38 ; 3.34 ; 14.40 ; 3,363.00 ; 3,885.20 
1/10/2020; 5.30 ; 3.35 ; 14.46 ; 3,380.80 ; 3,825.25 
2/10/2020; 5.36 ; 3.33 ; 14.57 ; 3,348.42 ; 3,843.75 
5/10/2020; 5.48 ; 3.34 ; 14.70 ; 3,408.60 ; 3,870.25 
6/10/2020; 5.43 ; 3.32 ; 14.59 ; 3,360.97 ; 3,827.84 
7/10/2020; 5.43 ; 3.34 ; 14.47 ; 3,419.44 ; 3,831.25 
8/10/2020; 5.57 ; 3.36 ; 14.67 ; 3,446.83 ; 3,842.45 
9/10/2020; 5.50 ; 3.36 ; 14.84 ; 3,477.14 ; 3,837.75 
12/10/2020; 5.43 ; 3.31 ; 14.54 ; 3,534.22 ; 3,826.25 
13/10/2020; 5.31 ; 3.29 ; 14.24 ; 3,511.93 ; 3,826.25 
14/10/2020; 5.37 ; 3.24 ; 14.47 ; 3,488.67 ; 3,860.25 
15/10/2020; 5.32 ; 3.32 ; 14.24 ; 3,483.34 ; 3,837.25 
16/10/2020; 5.28 ; 3.35 ; 14.39 ; 3,483.81 ; 3,848.50 
19/10/2020; 5.31 ; 3.32 ; 14.77 ; 3,426.92 ; 3,846.35 
20/10/2020; 5.38 ; 3.38 ; 15.18 ; 3,443.12 ; 3,843.00 
21/10/2020; 5.32 ; 3.45 ; 15.21 ; 3,435.56 ; 3,823.25 
22/10/2020; 5.40 ; 3.45 ; 14.78 ; 3,453.49 ; 3,764.75 
23/10/2020; 5.35 ; 3.41 ; 15.04 ; 3,465.39 ; 3,782.25 
26/10/2020; 5.23 ; 3.38 ; 15.18 ; 3,400.97 ; 3,787.75 
27/10/2020; 5.21 ; 3.33 ; 14.85 ; 3,390.68 ; 3,813.10 
28/10/2020; 4.88 ; 3.24 ; 14.12 ; 3,271.03 ; 3,807.85 
29/10/2020; 4.95 ; 3.27 ; 13.96 ; 3,310.11 ; 3,828.25 
30/10/2020; 5.06 ; 3.31 ; 14.37 ; 3,269.96 ; 3,859.50 
2/11/2020; 5.12 ; 3.36 ; 14.50 ; 3,310.24 ; 3,888.00 
3/11/2020; 5.22 ; 3.38 ; 14.81 ; 3,369.16 ; 3,867.60 
4/11/2020; 5.32 ; 3.41 ; 14.82 ; 3,443.44 ; 3,817.75 
5/11/2020; 5.36 ; 3.51 ; 15.22 ; 3,510.45 ; 3,814.07 
6/11/2020; 5.36 ; 3.51 ; 15.35 ; 3,509.44 ; 3,752.25 
9/11/2020; 5.80 ; 3.65 ; 16.44 ; 3,550.50 ; 3,721.25 
10/11/2020; 6.01 ; 3.71 ; 16.50 ; 3,545.53 ; 3,647.46 
11/11/2020; 6.05 ; 3.73 ; 16.54 ; 3,572.66 ; 3,647.00 
12/11/2020; 5.90 ; 3.64 ; 16.26 ; 3,537.01 ; 3,637.25 
13/11/2020; 6.01 ; 3.64 ; 16.47 ; 3,585.15 ; 3,642.30 
16/11/2020; 6.38 ; 3.70 ; 17.55 ; 3,626.91 ; 3,640.00 
17/11/2020; 6.46 ; 3.65 ; 16.69 ; 3,609.53 ; 3,642.65 
18/11/2020; 6.35 ; 3.69 ; 17.04 ; 3,567.79 ; 3,642.75 
19/11/2020; 6.48 ; 3.69 ; 16.84 ; 3,581.87 ; 3,641.75 
20/11/2020; 6.49 ; 3.76 ; 17.01 ; 3,557.54 ; 3,648.20 
23/11/2020; 6.63 ; 3.93 ; 17.13 ; 3,577.59 ; 3,631.20 
24/11/2020; 6.78 ; 4.08 ; 17.66 ; 3,635.41 ; 3,645.80 
25/11/2020; 6.85 ; 4.01 ; 17.39 ; 3,629.65 ; 3,634.25 
27/11/2020; 6.59 ; 4.09 ; 17.35 ; 3,638.35 ; 3,615.95 
30/11/2020; 6.30 ; 4.15 ; 17.16 ; 3,621.63 ; 3,605.15 
1/12/2020; 6.57 ; 4.30 ; 18.21 ; 3,662.45 ; 3,594.50 
2/12/2020; 6.63 ; 4.42 ; 18.57 ; 3,669.01 ; 3,546.75 
3/12/2020; 6.71 ; 4.49 ; 18.83 ; 3,666.72 ; 3,520.27 
4/12/2020; 7.03 ; 4.68 ; 19.85 ; 3,699.12 ; 3,466.75 
7/12/2020; 6.95 ; 4.69 ; 19.94 ; 3,691.96 ; 3,464.00 
8/12/2020; 6.93 ; 4.69 ; 20.32 ; 3,702.25 ; 3,488.25 
9/12/2020; 7.05 ; 4.80 ; 21.05 ; 3,672.82 ; 3,488.75 
10/12/2020; 7.39 ; 4.88 ; 21.47 ; 3,668.10 ; 3,474.75 
11/12/2020; 7.33 ; 4.83 ; 21.36 ; 3,663.46 ; 3,418.70 
14/12/2020; 7.27 ; 4.89 ; 21.73 ; 3,647.49 ; 3,436.35 
15/12/2020; 7.37 ; 4.99 ; 22.92 ; 3,694.62 ; 3,426.25 
16/12/2020; 7.52 ; 5.07 ; 23.01 ; 3,701.17 ; 3,417.95 
17/12/2020; 7.59 ; 5.13 ; 23.27 ; 3,722.48 ; 3,418.86 
18/12/2020; 7.46 ; 5.12 ; 23.66 ; 3,709.41 ; 3,412.35 
21/12/2020; 7.13 ; 5.02 ; 22.38 ; 3,694.92 ; 3,417.75 
22/12/2020; 7.12 ; 4.99 ; 22.59 ; 3,687.26 ; 3,429.25 
23/12/2020; 7.21 ; 5.02 ; 22.57 ; 3,690.01 ; 3,463.25 
24/12/2020; 7.10 ; 5.02 ; 22.70 ; 3,703.06 ; 3,498.25 
28/12/2020; 7.09 ; 5.00 ; 22.88 ; 3,735.36 ; 3,513.25 
29/12/2020; 7.16 ; 5.07 ; 23.01 ; 3,727.04 ; 3,498.25 
30/12/2020; 7.18 ; 5.09 ; 23.26 ; 3,732.04 ; 3,472.75 
31/12/2020; 7.06 ; 5.06 ; 22.83 ; 3,756.07 ; 3,420.25 
4/01/2021; 7.08 ; 5.04 ; 22.53 ; 3,700.65 ; 3,420.25 
5/01/2021; 7.27 ; 4.91 ; 22.45 ; 3,726.86 ; 3,447.75 
6/01/2021; 7.41 ; 5.01 ; 22.87 ; 3,748.14 ; 3,442.25 
7/01/2021; 7.48 ; 4.99 ; 22.56 ; 3,803.79 ; 3,412.80 
8/01/2021; 7.55 ; 5.01 ; 22.66 ; 3,824.68 ; 3,488.24 
11/01/2021; 7.47 ; 4.84 ; 22.03 ; 3,799.61 ; 3,456.44 
12/01/2021; 7.73 ; 4.93 ; 22.65 ; 3,801.19 ; 3,499.25 
13/01/2021; 7.64 ; 4.90 ; 22.39 ; 3,809.84 ; 3,475.25 
14/01/2021; 7.89 ; 4.99 ; 22.61 ; 3,795.54 ; 3,475.54 
15/01/2021; 7.59 ; 4.92 ; 22.02 ; 3,768.25 ; 3,444.69 
19/01/2021; 7.68 ; 4.90 ; 21.87 ; 3,798.91 ; 3,476.26 
20/01/2021; 7.70 ; 4.94 ; 22.05 ; 3,851.85 ; 3,489.91 
21/01/2021; 7.59 ; 4.91 ; 21.36 ; 3,853.07 ; 3,465.26 
22/01/2021; 7.34 ; 4.85 ; 20.55 ; 3,841.47 ; 3,480.04 
25/01/2021; 7.10 ; 4.84 ; 19.92 ; 3,855.36 ; 3,525.96 
26/01/2021; 7.17 ; 4.70 ; 19.62 ; 3,849.62 ; 3,586.26 
27/01/2021; 6.74 ; 4.65 ; 19.25 ; 3,750.77 ; 3,611.76 
28/01/2021; 6.63 ; 4.83 ; 19.75 ; 3,787.38 ; 3,604.26 
29/01/2021; 6.22 ; 4.73 ; 19.99 ; 3,714.24 ; 3,558.26 
1/02/2021; 6.39 ; 4.77 ; 20.38 ; 3,773.86 ; 3,567.26 
2/02/2021; 6.53 ; 4.90 ; 20.82 ; 3,826.31 ; 3,571.26 
3/02/2021; 6.50 ; 4.94 ; 20.59 ; 3,830.17 ; 3,527.00 
4/02/2021; 6.55 ; 4.93 ; 20.43 ; 3,871.74 ; 3,533.96 
5/02/2021; 6.63 ; 4.96 ; 20.70 ; 3,886.83 ; 3,556.44 
8/02/2021; 6.77 ; 5.02 ; 20.88 ; 3,915.59 ; 3,553.75 
9/02/2021; 6.72 ; 4.99 ; 20.73 ; 3,911.23 ; 3,569.25 
10/02/2021; 6.74 ; 4.99 ; 20.75 ; 3,909.88 ; 3,574.55 
11/02/2021; 6.68 ; 4.99 ; 20.48 ; 3,916.38 ; 3,557.75 
12/02/2021; 6.72 ; 5.04 ; 20.71 ; 3,934.83 ; 3,524.75 
16/02/2021; 6.88 ; 4.99 ; 20.40 ; 3,932.59 ; 3,494.75 
17/02/2021; 6.86 ; 4.93 ; 20.38 ; 3,931.33 ; 3,525.08 
18/02/2021; 6.68 ; 4.96 ; 20.16 ; 3,913.97 ; 3,526.45 
19/02/2021; 6.62 ; 4.93 ; 20.19 ; 3,906.71 ; 3,545.58 
22/02/2021; 6.81 ; 4.88 ; 20.06 ; 3,876.50 ; 3,511.89 
23/02/2021; 7.04 ; 4.85 ; 20.33 ; 3,881.37 ; 3,591.75 
24/02/2021; 7.06 ; 4.90 ; 20.38 ; 3,925.43 ; 3,592.75 
25/02/2021; 6.92 ; 4.69 ; 18.98 ; 3,829.34 ; 3,563.25 
26/02/2021; 6.70 ; 4.66 ; 19.00 ; 3,811.15 ; 3,608.70 
1/03/2021; 6.80 ; 4.80 ; 19.52 ; 3,901.82 ; 3,645.25 
2/03/2021; 6.75 ; 4.71 ; 19.13 ; 3,870.29 ; 3,617.75 
3/03/2021; 6.75 ; 4.69 ; 19.03 ; 3,819.72 ; 3,654.75 
4/03/2021; 6.85 ; 4.67 ; 18.89 ; 3,768.47 ; 3,680.00 
5/03/2021; 7.29 ; 4.66 ; 18.98 ; 3,841.94 ; 3,643.15 
8/03/2021; 7.13 ; 4.64 ; 18.75 ; 3,821.35 ; 3,633.40 
9/03/2021; 7.09 ; 4.73 ; 19.03 ; 3,875.44 ; 3,602.95 
10/03/2021; 7.31 ; 4.83 ; 19.37 ; 3,898.81 ; 3,590.75 
11/03/2021; 7.34 ; 4.87 ; 19.62 ; 3,939.34 ; 3,551.00 
12/03/2021; 7.26 ; 4.78 ; 19.54 ; 3,943.34 ; 3,554.25 
15/03/2021; 7.67 ; 4.84 ; 19.64 ; 3,968.94 ; 3,503.31 
16/03/2021; 7.56 ; 4.82 ; 19.38 ; 3,962.71 ; 3,557.25 
17/03/2021; 7.59 ; 4.74 ; 19.36 ; 3,974.12 ; 3,557.75 
18/03/2021; 7.16 ; 4.69 ; 19.08 ; 3,915.46 ; 3,569.25 
19/03/2021; 7.31 ; 4.67 ; 19.01 ; 3,913.10 ; 3,545.00 
22/03/2021; 7.31 ; 4.60 ; 18.80 ; 3,940.59 ; 3,510.59 
23/03/2021; 6.92 ; 4.71 ; 18.70 ; 3,910.52 ; 3,557.65 
24/03/2021; 7.05 ; 4.69 ; 18.53 ; 3,889.14 ; 3,617.75 
25/03/2021; 6.95 ; 4.59 ; 18.76 ; 3,909.52 ; 3,647.65 
26/03/2021; 7.04 ; 4.65 ; 18.22 ; 3,974.54 ; 3,666.25 
29/03/2021; 7.03 ; 4.55 ; 18.21 ; 3,971.09 ; 3,688.14 
30/03/2021; 6.95 ; 4.60 ; 18.16 ; 3,958.55 ; 3,717.24 
31/03/2021; 7.01 ; 4.61 ; 18.17 ; 3,972.89 ; 3,728.25 
1/04/2021; 7.02 ; 4.59 ; 18.21 ; 4,019.87 ; 3,659.95 
5/04/2021; 6.90 ; 4.68 ; 18.54 ; 4,077.91 ; 3,659.95 
6/04/2021; 6.89 ; 4.70 ; 18.55 ; 4,073.94 ; 3,672.25 
7/04/2021; 6.97 ; 4.65 ; 18.68 ; 4,079.95 ; 3,634.75 
8/04/2021; 6.89 ; 4.72 ; 18.91 ; 4,097.17 ; 3,652.84 
9/04/2021; 6.78 ; 4.69 ; 18.93 ; 4,128.80 ; 3,627.30 
12/04/2021; 6.81 ; 4.60 ; 18.48 ; 4,127.99 ; 3,657.75 
13/04/2021; 6.79 ; 4.64 ; 18.43 ; 4,141.59 ; 3,663.25 
14/04/2021; 6.98 ; 4.67 ; 18.77 ; 4,124.66 ; 3,667.00 
15/04/2021; 7.00 ; 4.71 ; 19.11 ; 4,170.42 ; 3,655.05 
16/04/2021; 7.03 ; 4.77 ; 19.27 ; 4,185.47 ; 3,610.25 
19/04/2021; 7.04 ; 4.63 ; 18.87 ; 4,163.26 ; 3,573.74 
20/04/2021; 6.85 ; 4.67 ; 18.43 ; 4,134.94 ; 3,625.25 
21/04/2021; 6.89 ; 4.67 ; 18.60 ; 4,173.42 ; 3,641.25 
22/04/2021; 6.83 ; 4.67 ; 18.30 ; 4,134.98 ; 3,612.25 
23/04/2021; 6.79 ; 4.65 ; 18.00 ; 4,180.17 ; 3,633.60 
26/04/2021; 6.80 ; 4.67 ; 17.94 ; 4,187.62 ; 3,626.75 
27/04/2021; 6.78 ; 4.67 ; 18.15 ; 4,186.72 ; 3,693.26 
28/04/2021; 6.97 ; 4.57 ; 17.93 ; 4,183.18 ; 3,716.00 
29/04/2021; 6.89 ; 4.53 ; 17.57 ; 4,211.47 ; 3,694.26 
30/04/2021; 6.52 ; 4.42 ; 17.04 ; 4,181.17 ; 3,713.36 
3/05/2021; 6.46 ; 4.19 ; 16.51 ; 4,192.66 ; 3,751.56 
4/05/2021; 6.40 ; 4.02 ; 16.35 ; 4,164.66 ; 3,803.20 
5/05/2021; 6.55 ; 4.08 ; 16.60 ; 4,167.59 ; 3,827.75 
6/05/2021; 6.65 ; 4.16 ; 17.14 ; 4,201.62 ; 3,849.26 
7/05/2021; 6.74 ; 4.28 ; 17.49 ; 4,232.60 ; 3,801.00 
10/05/2021; 6.99 ; 4.46 ; 18.19 ; 4,188.43 ; 3,748.26 
11/05/2021; 6.85 ; 4.39 ; 17.58 ; 4,152.10 ; 3,705.06 
12/05/2021; 6.98 ; 4.34 ; 17.25 ; 4,063.04 ; 3,710.26 
13/05/2021; 6.81 ; 4.38 ; 17.24 ; 4,112.50 ; 3,748.76 
14/05/2021; 7.16 ; 4.49 ; 18.12 ; 4,173.85 ; 3,719.36 
17/05/2021; 7.18 ; 4.37 ; 17.54 ; 4,163.29 ; 3,683.76 
18/05/2021; 7.05 ; 4.40 ; 17.54 ; 4,127.83 ; 3,683.76 
19/05/2021; 7.00 ; 4.37 ; 17.35 ; 4,115.68 ; 3,658.26 
20/05/2021; 6.86 ; 4.34 ; 17.08 ; 4,159.12 ; 3,683.20 
21/05/2021; 6.70 ; 4.39 ; 16.79 ; 4,155.86 ; 3,717.05 
24/05/2021; 6.78 ; 4.31 ; 16.77 ; 4,197.05 ; 3,745.25 
25/05/2021; 6.59 ; 4.28 ; 16.60 ; 4,188.13 ; 3,732.75 
26/05/2021; 6.51 ; 4.26 ; 16.68 ; 4,195.99 ; 3,737.75 
27/05/2021; 6.45 ; 4.50 ; 17.08 ; 4,200.88 ; 3,741.25 
28/05/2021; 6.58 ; 4.34 ; 17.09 ; 4,204.11 ; 3,719.96 
1/06/2021; 6.85 ; 4.41 ; 17.52 ; 4,202.04 ; 3,706.25 
2/06/2021; 7.05 ; 4.42 ; 17.53 ; 4,208.12 ; 3,664.55 
3/06/2021; 7.08 ; 4.50 ; 17.86 ; 4,192.85 ; 3,651.75 
4/06/2021; 7.18 ; 4.53 ; 17.76 ; 4,229.89 ; 3,659.25 
7/06/2021; 7.35 ; 4.43 ; 17.48 ; 4,226.52 ; 3,605.75 
8/06/2021; 7.32 ; 4.44 ; 17.76 ; 4,227.26 ; 3,605.75 
9/06/2021; 7.23 ; 4.42 ; 17.81 ; 4,219.55 ; 3,592.85 
10/06/2021; 7.26 ; 4.42 ; 17.81 ; 4,239.18 ; 3,587.18 
11/06/2021; 7.22 ; 4.44 ; 17.80 ; 4,247.44 ; 3,602.49 
14/06/2021; 7.24 ; 4.38 ; 17.89 ; 4,255.15 ; 3,652.75 
15/06/2021; 7.28 ; 4.39 ; 17.22 ; 4,246.59 ; 3,652.75 
16/06/2021; 7.20 ; 4.47 ; 17.22 ; 4,223.70 ; 3,696.25 
17/06/2021; 7.04 ; 4.35 ; 16.82 ; 4,221.86 ; 3,672.25 
18/06/2021; 6.99 ; 4.33 ; 16.61 ; 4,166.45 ; 3,727.25 
21/06/2021; 7.23 ; 4.29 ; 16.72 ; 4,224.79 ; 3,767.25 
22/06/2021; 7.25 ; 4.23 ; 16.34 ; 4,246.44 ; 3,758.30 
23/06/2021; 7.35 ; 4.29 ; 16.38 ; 4,241.84 ; 3,780.35 
24/06/2021; 8.09 ; 4.35 ; 16.63 ; 4,266.49 ; 3,782.30 
25/06/2021; 8.18 ; 4.44 ; 16.72 ; 4,280.70 ; 3,764.50 
28/06/2021; 8.03 ; 4.39 ; 16.49 ; 4,290.61 ; 3,726.06 
29/06/2021; 7.94 ; 4.28 ; 16.14 ; 4,291.80 ; 3,701.25 
30/06/2021; 8.05 ; 4.30 ; 16.44 ; 4,297.50 ; 3,765.75 
1/07/2021; 8.19 ; 4.27 ; 16.12 ; 4,319.94 ; 3,748.25 
2/07/2021; 8.39 ; 4.33 ; 16.98 ; 4,352.34 ; 3,776.00 
6/07/2021; 8.10 ; 4.28 ; 16.50 ; 4,343.54 ; 3,740.25 
7/07/2021; 8.02 ; 4.25 ; 16.72 ; 4,358.13 ; 3,777.75 
8/07/2021; 7.89 ; 4.24 ; 16.84 ; 4,320.82 ; 3,828.00 
9/07/2021; 7.98 ; 4.27 ; 17.29 ; 4,369.55 ; 3,839.25 
12/07/2021; 7.89 ; 4.35 ; 17.23 ; 4,384.63 ; 3,829.25 
13/07/2021; 7.82 ; 4.33 ; 17.06 ; 4,369.21 ; 3,820.35 
14/07/2021; 7.67 ; 4.32 ; 17.31 ; 4,374.30 ; 3,821.45 
15/07/2021; 7.40 ; 4.23 ; 17.29 ; 4,360.03 ; 3,792.27 
16/07/2021; 7.32 ; 4.19 ; 17.20 ; 4,327.16 ; 3,803.00 
19/07/2021; 7.04 ; 4.09 ; 16.66 ; 4,258.49 ; 3,815.85 
20/07/2021; 7.00 ; 4.14 ; 17.13 ; 4,323.06 ; 3,768.55 
21/07/2021; 7.27 ; 4.14 ; 16.83 ; 4,358.69 ; 3,833.75 
22/07/2021; 7.25 ; 4.00 ; 16.55 ; 4,367.48 ; 3,853.25 
23/07/2021; 7.20 ; 4.06 ; 16.56 ; 4,411.79 ; 3,868.45 
26/07/2021; 7.35 ; 4.05 ; 16.58 ; 4,422.30 ; 3,887.25 
27/07/2021; 7.29 ; 3.94 ; 16.55 ; 4,401.46 ; 3,909.00 
28/07/2021; 7.44 ; 3.99 ; 16.59 ; 4,400.64 ; 3,930.25 
29/07/2021; 7.58 ; 4.03 ; 16.66 ; 4,419.15 ; 3,871.75 
30/07/2021; 7.44 ; 3.95 ; 16.24 ; 4,395.26 ; 3,845.85 
2/08/2021; 7.31 ; 3.94 ; 16.28 ; 4,387.16 ; 3,876.25 
3/08/2021; 7.38 ; 3.91 ; 16.22 ; 4,423.15 ; 3,889.75 
4/08/2021; 7.22 ; 3.93 ; 16.68 ; 4,402.66 ; 3,908.00 
5/08/2021; 7.10 ; 3.92 ; 16.20 ; 4,429.10 ; 3,901.25 
6/08/2021; 7.04 ; 3.87 ; 15.93 ; 4,436.52 ; 3,916.25 
9/08/2021; 7.10 ; 3.90 ; 15.94 ; 4,432.35 ; 3,965.35 
10/08/2021; 7.24 ; 3.91 ; 16.37 ; 4,436.75 ; 3,995.60 
11/08/2021; 7.33 ; 3.92 ; 16.54 ; 4,442.41 ; 3,966.25 
12/08/2021; 7.45 ; 4.01 ; 17.35 ; 4,460.83 ; 3,940.45 
13/08/2021; 7.37 ; 4.07 ; 17.93 ; 4,468.00 ; 3,857.25 
16/08/2021; 7.17 ; 4.13 ; 18.13 ; 4,479.71 ; 3,840.45 
17/08/2021; 7.23 ; 4.17 ; 17.88 ; 4,448.08 ; 3,840.45 
18/08/2021; 7.28 ; 4.31 ; 18.63 ; 4,400.27 ; 3,878.25 
19/08/2021; 7.14 ; 4.30 ; 18.72 ; 4,405.80 ; 3,849.75 
20/08/2021; 7.21 ; 4.33 ; 18.61 ; 4,441.67 ; 3,868.65 
23/08/2021; 7.50 ; 4.37 ; 18.59 ; 4,479.53 ; 3,870.25 
24/08/2021; 7.64 ; 4.43 ; 18.69 ; 4,486.23 ; 3,880.20 
25/08/2021; 7.66 ; 4.41 ; 18.57 ; 4,496.19 ; 3,865.25 
26/08/2021; 7.48 ; 4.36 ; 18.24 ; 4,470.00 ; 3,863.75 
27/08/2021; 7.68 ; 4.41 ; 18.69 ; 4,509.37 ; 3,866.00 
30/08/2021; 7.63 ; 4.44 ; 18.86 ; 4,528.79 ; 3,827.26 
31/08/2021; 7.69 ; 4.47 ; 18.98 ; 4,522.68 ; 3,815.00 
1/09/2021; 7.60 ; 4.52 ; 19.19 ; 4,524.09 ; 3,767.40 
2/09/2021; 7.75 ; 4.57 ; 18.77 ; 4,536.95 ; 3,758.25 
3/09/2021; 7.62 ; 4.53 ; 18.81 ; 4,535.43 ; 3,793.25 
7/09/2021; 7.54 ; 4.43 ; 18.71 ; 4,520.03 ; 3,757.74 
8/09/2021; 7.43 ; 4.42 ; 18.74 ; 4,514.07 ; 3,798.25 
9/09/2021; 7.34 ; 4.42 ; 18.67 ; 4,493.28 ; 3,815.80 
10/09/2021; 7.31 ; 4.39 ; 18.69 ; 4,458.58 ; 3,841.95 
13/09/2021; 7.42 ; 4.36 ; 18.47 ; 4,468.73 ; 3,833.25 
14/09/2021; 7.32 ; 4.36 ; 18.43 ; 4,443.05 ; 3,828.85 
15/09/2021; 7.53 ; 4.42 ; 18.67 ; 4,480.70 ; 3,828.74 
16/09/2021; 7.53 ; 4.40 ; 18.61 ; 4,473.75 ; 3,813.25 
17/09/2021; 7.34 ; 4.43 ; 18.50 ; 4,432.99 ; 3,815.42 
20/09/2021; 7.21 ; 4.33 ; 18.37 ; 4,357.73 ; 3,825.75 
21/09/2021; 7.24 ; 4.28 ; 18.11 ; 4,354.19 ; 3,842.25 
22/09/2021; 7.34 ; 4.32 ; 18.27 ; 4,395.64 ; 3,835.50 
23/09/2021; 7.44 ; 4.33 ; 18.44 ; 4,448.98 ; 3,831.92 
24/09/2021; 7.29 ; 4.34 ; 18.46 ; 4,455.48 ; 3,832.25 
27/09/2021; 7.69 ; 4.36 ; 19.49 ; 4,443.11 ; 3,834.96 
28/09/2021; 7.75 ; 4.36 ; 19.46 ; 4,352.63 ; 3,839.58 
29/09/2021; 7.77 ; 4.40 ; 19.66 ; 4,359.46 ; 3,835.58 
30/09/2021; 7.91 ; 4.41 ; 19.80 ; 4,307.54 ; 3,834.25 
1/10/2021; 8.06 ; 4.48 ; 20.01 ; 4,357.04 ; 3,808.62 
4/10/2021; 8.22 ; 4.48 ; 20.01 ; 4,300.46 ; 3,788.25 
5/10/2021; 8.20 ; 4.53 ; 20.13 ; 4,345.72 ; 3,788.25 
6/10/2021; 8.16 ; 4.50 ; 19.73 ; 4,363.55 ; 3,781.75 
7/10/2021; 8.36 ; 4.57 ; 20.20 ; 4,399.76 ; 3,785.58 
8/10/2021; 8.53 ; 4.60 ; 20.32 ; 4,391.34 ; 3,770.58 
11/10/2021; 8.62 ; 4.57 ; 20.21 ; 4,361.19 ; 3,765.15 
12/10/2021; 8.61 ; 4.58 ; 20.02 ; 4,350.65 ; 3,751.25 
13/10/2021; 8.56 ; 4.57 ; 20.22 ; 4,363.80 ; 3,724.58 
14/10/2021; 8.53 ; 4.57 ; 20.75 ; 4,438.26 ; 3,738.25 
15/10/2021; 8.64 ; 4.65 ; 21.01 ; 4,471.37 ; 3,761.58 
18/10/2021; 8.51 ; 4.54 ; 20.66 ; 4,486.46 ; 3,761.92 
19/10/2021; 8.62 ; 4.57 ; 20.65 ; 4,519.63 ; 3,767.25 
20/10/2021; 8.57 ; 4.60 ; 20.64 ; 4,536.19 ; 3,765.05 
21/10/2021; 8.43 ; 4.57 ; 20.44 ; 4,549.78 ; 3,766.34 
22/10/2021; 8.44 ; 4.57 ; 20.35 ; 4,544.90 ; 3,779.25 
25/10/2021; 8.43 ; 4.55 ; 20.50 ; 4,566.48 ; 3,766.25 
26/10/2021; 8.47 ; 4.65 ; 20.81 ; 4,574.79 ; 3,765.25 
27/10/2021; 8.39 ; 4.63 ; 20.81 ; 4,551.68 ; 3,769.75 
28/10/2021; 8.40 ; 4.66 ; 20.66 ; 4,596.42 ; 3,758.25 
29/10/2021; 8.35 ; 4.62 ; 20.55 ; 4,605.38 ; 3,777.75 
1/11/2021; 8.37 ; 4.62 ; 20.79 ; 4,613.67 ; 3,758.25 
2/11/2021; 8.25 ; 4.54 ; 20.37 ; 4,630.65 ; 3,758.25 
3/11/2021; 8.25 ; 4.58 ; 20.41 ; 4,660.57 ; 3,797.25 
4/11/2021; 8.19 ; 4.44 ; 19.81 ; 4,680.06 ; 3,830.35 
5/11/2021; 8.20 ; 4.47 ; 19.67 ; 4,697.53 ; 3,870.25 
8/11/2021; 8.33 ; 4.45 ; 19.84 ; 4,701.70 ; 3,870.75 
9/11/2021; 8.37 ; 4.44 ; 19.52 ; 4,685.25 ; 3,875.25 
10/11/2021; 8.13 ; 4.34 ; 19.15 ; 4,646.71 ; 3,865.24 
11/11/2021; 8.15 ; 4.30 ; 18.92 ; 4,649.27 ; 3,875.75 
12/11/2021; 8.05 ; 4.32 ; 18.94 ; 4,682.85 ; 3,877.25 
15/11/2021; 8.01 ; 4.24 ; 18.62 ; 4,682.80 ; 3,881.05 
16/11/2021; 7.85 ; 4.19 ; 18.33 ; 4,700.90 ; 3,883.05 
17/11/2021; 7.66 ; 4.15 ; 17.96 ; 4,688.67 ; 3,893.25 
18/11/2021; 7.67 ; 4.18 ; 17.94 ; 4,704.54 ; 3,917.25 
19/11/2021; 7.45 ; 4.08 ; 17.57 ; 4,697.96 ; 3,933.25 
22/11/2021; 7.37 ; 4.00 ; 17.57 ; 4,682.94 ; 3,912.25 
23/11/2021; 7.45 ; 3.97 ; 17.52 ; 4,690.70 ; 3,924.00 
24/11/2021; 7.43 ; 3.95 ; 17.52 ; 4,701.46 ; 3,948.25 
26/11/2021; 7.06 ; 3.95 ; 17.28 ; 4,594.62 ; 3,979.25 
29/11/2021; 7.05 ; 3.97 ; 17.37 ; 4,655.27 ; 4,005.25 
30/11/2021; 7.08 ; 4.11 ; 18.22 ; 4,567.00 ; 4,033.25 
1/12/2021; 7.19 ; 4.06 ; 19.62 ; 4,513.04 ; 3,993.25 
2/12/2021; 7.40 ; 4.13 ; 20.26 ; 4,577.10 ; 3,964.81 
3/12/2021; 7.41 ; 4.18 ; 20.03 ; 4,538.43 ; 3,935.25 
6/12/2021; 7.53 ; 4.23 ; 19.82 ; 4,591.67 ; 3,890.59 
7/12/2021; 7.67 ; 4.22 ; 19.30 ; 4,686.75 ; 3,930.75 
8/12/2021; 7.78 ; 4.16 ; 18.93 ; 4,701.21 ; 3,909.23 
9/12/2021; 7.67 ; 4.16 ; 18.86 ; 4,667.45 ; 3,892.25 
10/12/2021; 7.69 ; 4.14 ; 18.82 ; 4,712.02 ; 3,857.37 
13/12/2021; 7.44 ; 4.10 ; 18.14 ; 4,668.97 ; 3,842.51 
14/12/2021; 7.22 ; 4.00 ; 17.71 ; 4,634.09 ; 3,884.75 
15/12/2021; 7.16 ; 3.97 ; 17.98 ; 4,709.85 ; 3,926.74 
16/12/2021; 7.17 ; 4.11 ; 18.77 ; 4,668.67 ; 3,998.55 
17/12/2021; 7.24 ; 4.03 ; 18.48 ; 4,620.64 ; 4,017.05 
20/12/2021; 7.07 ; 3.93 ; 18.09 ; 4,568.02 ; 4,002.31 
21/12/2021; 7.16 ; 4.01 ; 17.86 ; 4,649.23 ; 4,004.75 
22/12/2021; 7.30 ; 3.99 ; 17.90 ; 4,696.56 ; 4,000.15 
23/12/2021; 7.23 ; 4.03 ; 17.95 ; 4,725.79 ; 3,998.24 
27/12/2021; 7.42 ; 4.04 ; 18.11 ; 4,791.19 ; 3,989.75 
28/12/2021; 7.39 ; 4.03 ; 18.27 ; 4,786.35 ; 3,995.08 
29/12/2021; 7.29 ; 4.00 ; 18.12 ; 4,793.06 ; 4,007.42 
30/12/2021; 7.17 ; 4.00 ; 18.12 ; 4,778.73 ; 4,036.12 
31/12/2021; 7.10 ; 3.95 ; 18.10 ; 4,766.18 ; 4,068.25 
3/01/2022; 7.38 ; 3.97 ; 18.13 ; 4,796.56 ; 4,063.58 
4/01/2022; 7.37 ; 4.01 ; 18.02 ; 4,793.54 ; 4,063.08 
5/01/2022; 7.21 ; 3.99 ; 17.74 ; 4,700.58 ; 4,078.55 
6/01/2022; 7.16 ; 3.97 ; 17.51 ; 4,696.05 ; 4,026.92 
7/01/2022; 7.36 ; 3.95 ; 17.54 ; 4,677.03 ; 4,030.92 
10/01/2022; 7.17 ; 3.94 ; 17.44 ; 4,670.29 ; 3,970.70 
11/01/2022; 7.59 ; 4.02 ; 18.06 ; 4,713.07 ; 4,048.29 
12/01/2022; 7.68 ; 4.07 ; 18.67 ; 4,726.35 ; 3,993.19 
13/01/2022; 7.75 ; 4.18 ; 19.29 ; 4,659.03 ; 3,977.42 
14/01/2022; 7.79 ; 4.17 ; 19.06 ; 4,662.85 ; 3,965.35 
18/01/2022; 8.17 ; 4.33 ; 20.36 ; 4,577.11 ; 4,005.21 
19/01/2022; 8.23 ; 4.38 ; 20.68 ; 4,532.76 ; 4,035.55 
20/01/2022; 8.02 ; 4.34 ; 20.14 ; 4,482.73 ; 3,992.32 
21/01/2022; 7.93 ; 4.31 ; 20.08 ; 4,397.94 ; 3,973.75 
24/01/2022; 7.79 ; 4.23 ; 19.81 ; 4,410.13 ; 3,954.71 
25/01/2022; 8.08 ; 4.26 ; 20.08 ; 4,356.45 ; 3,974.08 
26/01/2022; 8.11 ; 4.38 ; 19.98 ; 4,349.93 ; 3,966.40 
27/01/2022; 8.05 ; 4.33 ; 19.74 ; 4,326.51 ; 3,928.25 
28/01/2022; 8.07 ; 4.36 ; 20.38 ; 4,431.85 ; 3,961.26 
31/01/2022; 8.12 ; 4.42 ; 20.39 ; 4,515.55 ; 3,912.50 
1/02/2022; 8.11 ; 4.30 ; 20.23 ; 4,546.54 ; 3,941.27 
2/02/2022; 8.10 ; 4.35 ; 20.40 ; 4,589.38 ; 3,922.09 
3/02/2022; 7.93 ; 4.32 ; 20.36 ; 4,477.44 ; 3,931.93 
4/02/2022; 8.12 ; 4.29 ; 20.30 ; 4,500.53 ; 3,952.87 
7/02/2022; 8.17 ; 4.28 ; 20.59 ; 4,483.87 ; 3,954.79 
8/02/2022; 8.09 ; 4.28 ; 20.36 ; 4,521.54 ; 3,963.49 
9/02/2022; 8.09 ; 4.21 ; 20.17 ; 4,587.18 ; 3,952.13 
10/02/2022; 8.03 ; 4.22 ; 19.77 ; 4,504.08 ; 3,933.40 
11/02/2022; 8.33 ; 4.22 ; 19.22 ; 4,418.64 ; 3,917.09 
14/02/2022; 8.21 ; 4.14 ; 19.41 ; 4,401.67 ; 3,895.66 
15/02/2022; 8.15 ; 4.19 ; 19.49 ; 4,471.07 ; 3,942.67 
16/02/2022; 8.44 ; 4.25 ; 19.86 ; 4,475.01 ; 3,948.58 
17/02/2022; 8.45 ; 4.22 ; 19.72 ; 4,380.26 ; 3,962.69 
18/02/2022; 8.35 ; 4.21 ; 19.57 ; 4,348.87 ; 3,942.75 
22/02/2022; 8.49 ; 4.20 ; 19.59 ; 4,304.76 ; 3,932.20 
23/02/2022; 8.59 ; 4.22 ; 20.20 ; 4,225.50 ; 3,927.92 
24/02/2022; 8.58 ; 4.15 ; 19.97 ; 4,288.70 ; 3,911.09 
25/02/2022; 8.61 ; 4.25 ; 20.20 ; 4,384.65 ; 3,924.75 
28/02/2022; 8.91 ; 4.19 ; 20.76 ; 4,373.94 ; 3,853.75 
1/03/2022; 9.13 ; 4.15 ; 21.22 ; 4,306.26 ; 3,925.92 
2/03/2022; 9.17 ; 4.27 ; 21.65 ; 4,386.54 ; 3,880.92 
3/03/2022; 9.43 ; 4.45 ; 21.97 ; 4,363.49 ; 3,845.92 
4/03/2022; 9.65 ; 4.30 ; 21.69 ; 4,328.87 ; 3,757.70 
7/03/2022; 9.86 ; 4.26 ; 21.26 ; 4,201.09 ; 3,731.72 
8/03/2022; 9.93 ; 4.31 ; 21.63 ; 4,170.70 ; 3,808.75 
9/03/2022; 9.67 ; 4.33 ; 22.35 ; 4,277.88 ; 3,771.12 
10/03/2022; 9.73 ; 4.21 ; 21.84 ; 4,259.52 ; 3,739.75 
11/03/2022; 9.82 ; 4.21 ; 21.72 ; 4,204.31 ; 3,816.92 
14/03/2022; 9.31 ; 4.20 ; 21.53 ; 4,173.11 ; 3,817.59 
15/03/2022; 9.18 ; 4.16 ; 21.32 ; 4,262.45 ; 3,795.32 
16/03/2022; 9.18 ; 4.11 ; 21.55 ; 4,357.86 ; 3,830.92 
17/03/2022; 9.65 ; 4.09 ; 21.78 ; 4,411.67 ; 3,832.57 
18/03/2022; 9.46 ; 4.02 ; 22.03 ; 4,463.12 ; 3,817.92 
21/03/2022; 9.91 ; 4.02 ; 23.17 ; 4,461.18 ; 3,818.09 
22/03/2022; 9.83 ; 4.19 ; 22.85 ; 4,511.61 ; 3,803.75 
23/03/2022; 10.28 ; 4.21 ; 23.80 ; 4,456.24 ; 3,763.59 
24/03/2022; 10.33 ; 4.09 ; 23.68 ; 4,520.16 ; 3,768.92 
25/03/2022; 10.47 ; 4.12 ; 23.93 ; 4,543.06 ; 3,785.92 
28/03/2022; 10.21 ; 4.09 ; 24.39 ; 4,575.52 ; 3,792.91 
29/03/2022; 10.25 ; 3.57 ; 24.45 ; 4,631.60 ; 3,781.39 
30/03/2022; 10.37 ; 3.58 ; 24.56 ; 4,602.45 ; 3,760.02 
31/03/2022; 10.25 ; 3.55 ; 24.93 ; 4,530.41 ; 3,749.39 
1/04/2022; 10.43 ; 3.60 ; 25.33 ; 4,545.86 ; 3,764.09 
4/04/2022; 10.47 ; 3.64 ; 24.84 ; 4,582.64 ; 3,747.31 
5/04/2022; 10.64 ; 3.57 ; 25.14 ; 4,525.12 ; 3,702.75 
6/04/2022; 10.44 ; 3.55 ; 24.99 ; 4,481.15 ; 3,731.22 
7/04/2022; 10.57 ; 3.56 ; 25.02 ; 4,500.21 ; 3,745.92 
8/04/2022; 10.54 ; 3.52 ; 25.06 ; 4,488.28 ; 3,757.55 
11/04/2022; 10.37 ; 3.53 ; 25.31 ; 4,412.53 ; 3,755.26 
12/04/2022; 10.52 ; 3.51 ; 25.08 ; 4,397.45 ; 3,740.92 
13/04/2022; 10.62 ; 3.47 ; 25.56 ; 4,446.59 ; 3,748.47 
14/04/2022; 10.83 ; 3.40 ; 25.67 ; 4,392.59 ; 3,720.92 
18/04/2022; 10.65 ; 3.42 ; 25.36 ; 4,391.69 ; 3,721.26 
19/04/2022; 10.66 ; 3.35 ; 24.84 ; 4,462.21 ; 3,730.25 
20/04/2022; 10.77 ; 3.35 ; 25.41 ; 4,459.45 ; 3,747.25 
21/04/2022; 10.43 ; 3.32 ; 24.92 ; 4,393.66 ; 3,756.85 
22/04/2022; 10.33 ; 3.27 ; 23.91 ; 4,271.78 ; 3,774.37 
25/04/2022; 9.96 ; 3.23 ; 23.02 ; 4,296.12 ; 3,854.26 
26/04/2022; 9.84 ; 3.24 ; 22.86 ; 4,175.20 ; 3,934.75 
27/04/2022; 9.98 ; 3.26 ; 23.29 ; 4,183.96 ; 3,941.54 
28/04/2022; 9.96 ; 3.27 ; 23.07 ; 4,287.50 ; 3,960.58 
29/04/2022; 9.69 ; 3.26 ; 22.66 ; 4,131.93 ; 3,971.55 
2/05/2022; 9.65 ; 3.18 ; 22.38 ; 4,155.38 ; 3,956.25 
3/05/2022; 9.84 ; 3.16 ; 23.09 ; 4,175.48 ; 3,999.57 
4/05/2022; 10.18 ; 3.13 ; 23.19 ; 4,300.17 ; 4,023.92 
5/05/2022; 9.75 ; 3.08 ; 22.34 ; 4,146.87 ; 4,067.42 
6/05/2022; 9.70 ; 3.10 ; 21.94 ; 4,123.34 ; 4,089.58 
9/05/2022; 9.01 ; 3.01 ; 21.25 ; 3,991.24 ; 4,056.00 
10/05/2022; 9.05 ; 3.06 ; 21.41 ; 4,001.05 ; 4,085.58 
11/05/2022; 9.03 ; 3.07 ; 21.55 ; 3,935.18 ; 4,080.25 
12/05/2022; 8.91 ; 3.07 ; 21.49 ; 3,930.08 ; 4,080.25 
13/05/2022; 9.04 ; 3.08 ; 21.91 ; 4,023.89 ; 4,108.74 
16/05/2022; 9.16 ; 3.13 ; 22.26 ; 4,008.01 ; 4,108.75 
17/05/2022; 9.19 ; 3.18 ; 22.26 ; 4,088.85 ; 4,055.25 
18/05/2022; 8.46 ; 3.10 ; 21.34 ; 3,923.68 ; 4,032.58 
19/05/2022; 8.29 ; 3.13 ; 20.14 ; 3,900.79 ; 4,067.22 
20/05/2022; 8.46 ; 3.17 ; 21.56 ; 3,901.36 ; 4,048.73 
23/05/2022; 8.73 ; 3.17 ; 21.94 ; 3,973.75 ; 3,970.25 
24/05/2022; 8.71 ; 3.21 ; 21.97 ; 3,941.48 ; 3,961.58 
25/05/2022; 8.91 ; 3.17 ; 22.47 ; 3,978.73 ; 3,976.30 
26/05/2022; 9.01 ; 3.17 ; 22.82 ; 4,057.84 ; 3,939.48 
27/05/2022; 9.14 ; 3.30 ; 23.60 ; 4,158.24 ; 3,923.75 
31/05/2022; 10.09 ; 3.83 ; 26.24 ; 4,132.15 ; 3,930.16 
1/06/2022; 10.34 ; 3.62 ; 26.00 ; 4,101.23 ; 3,974.74 
2/06/2022; 10.28 ; 3.72 ; 26.48 ; 4,176.82 ; 3,858.42 
3/06/2022; 10.43 ; 3.70 ; 26.02 ; 4,108.54 ; 3,777.25 
6/06/2022; 10.27 ; 3.66 ; 25.64 ; 4,121.43 ; 3,779.61 
7/06/2022; 10.40 ; 3.74 ; 25.36 ; 4,160.68 ; 3,791.42 
8/06/2022; 10.20 ; 3.65 ; 24.42 ; 4,115.77 ; 3,788.08 
9/06/2022; 9.83 ; 3.54 ; 24.00 ; 4,017.82 ; 3,796.90 
10/06/2022; 9.51 ; 3.47 ; 23.23 ; 3,900.86 ; 3,848.02 
13/06/2022; 9.01 ; 3.37 ; 21.91 ; 3,749.63 ; 3,942.65 
14/06/2022; 8.91 ; 3.34 ; 22.14 ; 3,735.48 ; 3,989.58 
15/06/2022; 8.86 ; 3.43 ; 22.43 ; 3,789.99 ; 3,964.85 
16/06/2022; 8.58 ; 3.33 ; 22.05 ; 3,666.77 ; 3,904.98 
17/06/2022; 8.17 ; 3.31 ; 21.91 ; 3,674.84 ; 3,896.76 
21/06/2022; 7.27 ; 3.16 ; 20.75 ; 3,764.79 ; 3,904.04 
22/06/2022; 6.89 ; 3.16 ; 20.39 ; 3,759.89 ; 3,981.25 
23/06/2022; 6.46 ; 2.97 ; 19.52 ; 3,795.73 ; 4,016.75 
24/06/2022; 6.58 ; 3.05 ; 19.97 ; 3,911.74 ; 4,078.59 
27/06/2022; 7.03 ; 3.05 ; 19.73 ; 3,900.11 ; 4,138.75 
28/06/2022; 7.39 ; 3.00 ; 19.71 ; 3,821.55 ; 4,131.08 
29/06/2022; 7.13 ; 2.92 ; 19.34 ; 3,818.83 ; 4,106.81 
30/06/2022; 6.99 ; 2.93 ; 18.47 ; 3,785.38 ; 4,107.52 
1/07/2022; 7.14 ; 2.91 ; 18.51 ; 3,825.33 ; 4,149.62 
5/07/2022; 6.56 ; 2.92 ; 17.85 ; 3,831.39 ; 4,203.30 
6/07/2022; 6.37 ; 2.86 ; 17.26 ; 3,845.08 ; 4,253.01 
7/07/2022; 6.63 ; 2.86 ; 17.21 ; 3,902.62 ; 4,327.54 
8/07/2022; 6.69 ; 2.85 ; 17.59 ; 3,899.38 ; 4,379.23 
11/07/2022; 6.48 ; 2.91 ; 17.23 ; 3,854.43 ; 4,418.75 
12/07/2022; 6.41 ; 2.80 ; 16.99 ; 3,818.80 ; 4,577.13 
13/07/2022; 6.47 ; 2.77 ; 16.71 ; 3,801.78 ; 4,606.91 
14/07/2022; 6.13 ; 2.69 ; 15.78 ; 3,790.38 ; 4,533.16 
15/07/2022; 6.17 ; 2.73 ; 16.36 ; 3,863.16 ; 4,490.25 
18/07/2022; 6.31 ; 2.80 ; 16.65 ; 3,830.85 ; 4,357.25 
19/07/2022; 6.57 ; 2.84 ; 17.10 ; 3,936.69 ; 4,321.53 
20/07/2022; 6.56 ; 2.95 ; 17.40 ; 3,959.90 ; 4,315.40 
21/07/2022; 6.25 ; 2.88 ; 17.02 ; 3,998.95 ; 4,354.25 
22/07/2022; 6.01 ; 2.83 ; 17.13 ; 3,961.63 ; 4,400.64 
25/07/2022; 6.27 ; 2.86 ; 17.22 ; 3,966.84 ; 4,463.25 
26/07/2022; 6.39 ; 2.90 ; 17.16 ; 3,921.05 ; 4,466.05 
27/07/2022; 6.56 ; 2.89 ; 17.38 ; 4,023.61 ; 4,449.86 
28/07/2022; 6.69 ; 2.96 ; 17.77 ; 4,072.43 ; 4,427.89 
29/07/2022; 6.92 ; 2.95 ; 17.35 ; 4,130.29 ; 4,373.58 
1/08/2022; 6.78 ; 2.89 ; 17.20 ; 4,118.63 ; 4,285.25 
2/08/2022; 6.83 ; 2.84 ; 17.52 ; 4,091.19 ; 4,257.58 
3/08/2022; 6.81 ; 2.82 ; 17.34 ; 4,155.17 ; 4,305.71 
4/08/2022; 6.54 ; 2.80 ; 17.51 ; 4,151.94 ; 4,311.32 
5/08/2022; 6.64 ; 2.81 ; 17.93 ; 4,145.19 ; 4,304.25 
8/08/2022; 6.89 ; 2.94 ; 18.67 ; 4,140.06 ; 4,343.35 
9/08/2022; 6.94 ; 2.92 ; 18.37 ; 4,122.47 ; 4,310.49 
10/08/2022; 6.96 ; 3.00 ; 18.99 ; 4,210.24 ; 4,335.25 
11/08/2022; 7.08 ; 2.96 ; 19.17 ; 4,207.27 ; 4,270.59 
12/08/2022; 7.23 ; 2.89 ; 19.67 ; 4,280.15 ; 4,231.25 
15/08/2022; 6.94 ; 2.77 ; 19.37 ; 4,297.14 ; 4,160.26 
16/08/2022; 6.83 ; 2.77 ; 19.43 ; 4,305.20 ; 4,159.92 
17/08/2022; 6.72 ; 2.80 ; 19.11 ; 4,274.04 ; 4,237.58 
18/08/2022; 6.82 ; 2.78 ; 18.92 ; 4,283.74 ; 4,342.80 
19/08/2022; 6.70 ; 2.77 ; 18.53 ; 4,228.48 ; 4,394.92 
22/08/2022; 6.77 ; 2.68 ; 18.09 ; 4,137.99 ; 4,375.25 
23/08/2022; 7.17 ; 2.70 ; 18.02 ; 4,128.73 ; 4,398.57 
24/08/2022; 7.22 ; 2.64 ; 17.92 ; 4,140.77 ; 4,362.42 
25/08/2022; 7.21 ; 2.56 ; 18.19 ; 4,199.12 ; 4,390.58 
26/08/2022; 7.07 ; 2.56 ; 18.11 ; 4,057.66 ; 4,392.18 
29/08/2022; 7.28 ; 2.55 ; 17.82 ; 4,030.61 ; 4,399.36 
30/08/2022; 6.91 ; 2.50 ; 17.28 ; 3,986.16 ; 4,375.58 
31/08/2022; 6.64 ; 2.40 ; 16.44 ; 3,955.00 ; 4,411.92 
1/09/2022; 6.35 ; 2.38 ; 16.43 ; 3,966.85 ; 4,419.92 
2/09/2022; 6.67 ; 2.39 ; 16.91 ; 3,924.26 ; 4,478.75 
6/09/2022; 6.69 ; 2.42 ; 16.73 ; 3,908.19 ; 4,461.58 
7/09/2022; 6.69 ; 2.42 ; 16.60 ; 3,979.87 ; 4,600.00 
8/09/2022; 6.60 ; 2.33 ; 16.79 ; 4,006.18 ; 4,398.55 
9/09/2022; 6.94 ; 2.44 ; 17.20 ; 4,067.36 ; 4,396.00 
12/09/2022; 7.10 ; 2.45 ; 17.37 ; 4,110.41 ; 4,351.25 
13/09/2022; 6.96 ; 2.39 ; 16.77 ; 3,932.69 ; 4,359.50 
14/09/2022; 7.10 ; 2.34 ; 17.01 ; 3,946.01 ; 4,410.75 
15/09/2022; 6.71 ; 2.33 ; 16.77 ; 3,901.35 ; 4,390.75 
16/09/2022; 6.60 ; 2.34 ; 16.56 ; 3,873.33 ; 4,416.34 
19/09/2022; 6.70 ; 2.43 ; 16.86 ; 3,899.89 ; 4,433.45 
20/09/2022; 6.47 ; 2.39 ; 16.99 ; 3,855.93 ; 4,405.25 
21/09/2022; 6.36 ; 2.44 ; 16.84 ; 3,789.93 ; 4,424.50 
22/09/2022; 6.49 ; 2.42 ; 16.91 ; 3,757.99 ; 4,406.25 
23/09/2022; 5.92 ; 2.23 ; 16.07 ; 3,693.23 ; 4,363.35 
26/09/2022; 5.56 ; 2.14 ; 14.75 ; 3,655.04 ; 4,436.76 
27/09/2022; 5.70 ; 2.17 ; 14.93 ; 3,647.29 ; 4,539.86 
28/09/2022; 5.90 ; 2.17 ; 15.55 ; 3,719.04 ; 4,552.26 
29/09/2022; 5.91 ; 2.11 ; 15.31 ; 3,640.47 ; 4,488.26 
30/09/2022; 5.75 ; 2.03 ; 15.04 ; 3,585.62 ; 4,526.95 
3/10/2022; 6.20 ; 2.15 ; 15.96 ; 3,678.43 ; 4,608.26 
4/10/2022; 6.60 ; 2.20 ; 16.68 ; 3,790.93 ; 4,528.27 
5/10/2022; 6.56 ; 2.16 ; 16.56 ; 3,783.28 ; 4,494.76 
6/10/2022; 6.62 ; 2.10 ; 16.21 ; 3,744.52 ; 4,462.15 
7/10/2022; 6.57 ; 2.05 ; 15.96 ; 3,639.66 ; 4,611.76 
10/10/2022; 6.29 ; 2.01 ; 15.59 ; 3,612.39 ; 4,618.26 
11/10/2022; 6.12 ; 1.98 ; 15.31 ; 3,588.84 ; 4,604.28 
12/10/2022; 6.03 ; 1.95 ; 15.40 ; 3,577.03 ; 4,605.51 
13/10/2022; 6.25 ; 1.98 ; 15.75 ; 3,669.91 ; 4,606.16 
14/10/2022; 5.90 ; 1.95 ; 15.32 ; 3,583.07 ; 4,573.96 
17/10/2022; 6.05 ; 2.01 ; 15.87 ; 3,677.95 ; 4,696.26 
18/10/2022; 6.05 ; 1.97 ; 15.68 ; 3,719.98 ; 4,733.26 
19/10/2022; 6.18 ; 1.97 ; 15.48 ; 3,695.16 ; 4,760.36 
20/10/2022; 6.05 ; 1.94 ; 15.30 ; 3,665.78 ; 4,838.26 
21/10/2022; 6.16 ; 1.90 ; 15.37 ; 3,752.75 ; 4,902.25 
24/10/2022; 6.00 ; 1.89 ; 14.89 ; 3,797.34 ; 4,916.35 
25/10/2022; 5.94 ; 1.86 ; 14.82 ; 3,859.11 ; 4,988.25 
26/10/2022; 6.03 ; 1.91 ; 14.89 ; 3,830.60 ; 4,973.45 
27/10/2022; 6.20 ; 1.85 ; 15.44 ; 3,807.30 ; 4,882.32 
28/10/2022; 6.36 ; 1.84 ; 15.69 ; 3,901.06 ; 4,798.26 
31/10/2022; 6.35 ; 1.83 ; 15.66 ; 3,871.98 ; 4,833.26 
1/11/2022; 6.56 ; 1.81 ; 15.69 ; 3,856.10 ; 4,937.00 
2/11/2022; 6.40 ; 1.77 ; 15.54 ; 3,759.69 ; 5,002.25 
3/11/2022; 6.26 ; 1.74 ; 15.02 ; 3,719.89 ; 5,001.28 
4/11/2022; 6.42 ; 1.72 ; 15.32 ; 3,770.55 ; 5,067.11 
7/11/2022; 6.58 ; 1.77 ; 15.54 ; 3,806.80 ; 4,959.29 
8/11/2022; 6.58 ; 1.80 ; 15.61 ; 3,828.11 ; 5,106.00 
9/11/2022; 6.33 ; 1.82 ; 15.93 ; 3,748.57 ; 4,972.25 
10/11/2022; 6.66 ; 1.82 ; 16.38 ; 3,956.37 ; 4,894.81 
11/11/2022; 6.41 ; 1.92 ; 16.17 ; 3,992.93 ; 4,801.17 
14/11/2022; 6.69 ; 1.91 ; 15.89 ; 3,957.25 ; 4,716.70 
15/11/2022; 6.67 ; 1.91 ; 16.08 ; 3,991.73 ; 4,803.56 
16/11/2022; 6.40 ; 1.88 ; 15.71 ; 3,958.79 ; 4,843.93 
17/11/2022; 6.49 ; 1.74 ; 15.71 ; 3,946.56 ; 4,938.81 
18/11/2022; 6.37 ; 1.77 ; 15.68 ; 3,965.34 ; 4,999.17 
21/11/2022; 6.22 ; 1.79 ; 15.46 ; 3,949.94 ; 4,987.08 
22/11/2022; 6.60 ; 1.90 ; 15.98 ; 4,003.58 ; 4,946.25 
23/11/2022; 6.60 ; 1.95 ; 16.37 ; 4,027.26 ; 4,905.01 
25/11/2022; 6.72 ; 1.95 ; 16.29 ; 4,026.12 ; 4,899.81 
28/11/2022; 6.41 ; 1.84 ; 15.56 ; 3,963.94 ; 4,863.82 
29/11/2022; 6.67 ; 1.92 ; 15.77 ; 3,957.63 ; 4,833.34 
30/11/2022; 6.36 ; 1.94 ; 16.42 ; 4,080.11 ; 4,809.34 
1/12/2022; 6.22 ; 1.90 ; 16.46 ; 4,076.57 ; 4,828.30 
2/12/2022; 6.22 ; 1.92 ; 16.29 ; 4,071.70 ; 4,785.58 
5/12/2022; 5.91 ; 1.85 ; 15.53 ; 3,998.84 ; 4,771.85 
6/12/2022; 5.97 ; 1.85 ; 16.24 ; 3,941.26 ; 4,823.37 
7/12/2022; 5.98 ; 1.87 ; 15.90 ; 3,933.92 ; 4,831.01 
8/12/2022; 5.98 ; 1.87 ; 15.85 ; 3,963.51 ; 4,820.23 
9/12/2022; 5.85 ; 1.94 ; 16.36 ; 3,934.38 ; 4,820.58 
12/12/2022; 5.88 ; 1.92 ; 15.96 ; 3,990.56 ; 4,778.46 
13/12/2022; 6.05 ; 1.92 ; 16.43 ; 4,019.65 ; 4,844.13 
14/12/2022; 5.91 ; 1.92 ; 15.92 ; 3,995.32 ; 4,762.58 
15/12/2022; 5.83 ; 1.91 ; 15.98 ; 3,895.75 ; 4,776.58 
16/12/2022; 5.76 ; 1.82 ; 16.16 ; 3,852.36 ; 4,790.92 
19/12/2022; 5.91 ; 1.82 ; 15.98 ; 3,817.66 ; 4,762.96 
20/12/2022; 6.07 ; 1.90 ; 16.38 ; 3,821.62 ; 4,774.25 
21/12/2022; 6.20 ; 1.92 ; 16.99 ; 3,878.44 ; 4,763.96 
22/12/2022; 6.16 ; 1.91 ; 16.68 ; 3,822.39 ; 4,762.97 
23/12/2022; 6.46 ; 1.92 ; 17.29 ; 3,844.82 ; 4,757.25 
27/12/2022; 6.57 ; 1.96 ; 16.87 ; 3,829.25 ; 4,727.58 
28/12/2022; 6.41 ; 1.95 ; 16.98 ; 3,783.22 ; 4,761.25 
29/12/2022; 6.45 ; 1.98 ; 17.71 ; 3,849.28 ; 4,771.74 
30/12/2022; 6.74 ; 2.09 ; 18.05 ; 3,839.50 ; 4,848.13 
3/01/2023; 6.38 ; 2.01 ; 17.18 ; 3,824.14 ; 4,846.25 
4/01/2023; 6.32 ; 2.02 ; 17.64 ; 3,852.97 ; 4,860.26 
5/01/2023; 6.58 ; 1.97 ; 17.68 ; 3,808.10 ; 4,928.88 
6/01/2023; 7.06 ; 1.96 ; 18.01 ; 3,895.08 ; 4,963.43 
9/01/2023; 7.16 ; 1.94 ; 18.21 ; 3,892.09 ; 4,858.25 
10/01/2023; 7.23 ; 1.96 ; 18.19 ; 3,919.25 ; 4,848.79 
11/01/2023; 7.32 ; 1.96 ; 18.47 ; 3,969.61 ; 4,783.75 
12/01/2023; 7.44 ; 2.02 ; 18.59 ; 3,983.17 ; 4,730.75 
13/01/2023; 7.48 ; 2.03 ; 18.76 ; 3,999.09 ; 4,695.01 
17/01/2023; 7.41 ; 1.98 ; 18.43 ; 3,990.97 ; 4,688.13 
18/01/2023; 7.70 ; 2.02 ; 18.37 ; 3,928.86 ; 4,719.45 
19/01/2023; 7.68 ; 1.96 ; 18.65 ; 3,898.85 ; 4,701.73 
20/01/2023; 7.79 ; 2.06 ; 18.99 ; 3,972.61 ; 4,667.45 
23/01/2023; 7.76 ; 2.14 ; 19.19 ; 4,019.81 ; 4,646.83 
24/01/2023; 7.63 ; 2.10 ; 19.26 ; 4,016.95 ; 4,544.75 
25/01/2023; 7.59 ; 2.11 ; 19.15 ; 4,016.22 ; 4,515.13 
26/01/2023; 7.70 ; 2.10 ; 19.53 ; 4,060.43 ; 4,544.20 
27/01/2023; 7.27 ; 2.09 ; 19.23 ; 4,070.56 ; 4,519.10 
30/01/2023; 7.16 ; 2.05 ; 18.77 ; 4,017.77 ; 4,483.93 
31/01/2023; 7.34 ; 2.00 ; 19.13 ; 4,076.60 ; 4,600.43 
1/02/2023; 7.21 ; 2.05 ; 18.92 ; 4,119.21 ; 4,658.49 
2/02/2023; 6.97 ; 1.98 ; 18.38 ; 4,179.76 ; 4,605.28 
3/02/2023; 6.90 ; 2.00 ; 18.52 ; 4,136.48 ; 4,585.25 
6/02/2023; 6.97 ; 1.99 ; 18.40 ; 4,111.08 ; 4,583.46 
7/02/2023; 7.07 ; 2.01 ; 18.38 ; 4,164.00 ; 4,739.32 
8/02/2023; 7.00 ; 2.02 ; 18.42 ; 4,117.86 ; 4,745.78 
9/02/2023; 6.76 ; 1.98 ; 17.88 ; 4,081.50 ; 4,768.53 
10/02/2023; 7.05 ; 2.00 ; 17.75 ; 4,090.46 ; 4,749.13 
13/02/2023; 7.00 ; 2.01 ; 18.09 ; 4,137.29 ; 4,696.29 
14/02/2023; 6.92 ; 1.96 ; 18.04 ; 4,136.13 ; 4,813.05 
15/02/2023; 6.79 ; 1.93 ; 17.17 ; 4,147.60 ; 4,772.00 
16/02/2023; 6.87 ; 1.93 ; 17.14 ; 4,090.41 ; 4,822.19 
17/02/2023; 6.65 ; 1.93 ; 16.92 ; 4,079.09 ; 4,923.30 
21/02/2023; 6.70 ; 1.90 ; 16.30 ; 3,997.34 ; 4,909.58 
22/02/2023; 6.66 ; 1.91 ; 16.00 ; 3,991.05 ; 4,967.50 
23/02/2023; 6.90 ; 1.91 ; 16.36 ; 4,012.32 ; 4,894.43 
24/02/2023; 6.94 ; 1.91 ; 16.19 ; 3,970.04 ; 4,875.02 
27/02/2023; 7.27 ; 1.96 ; 16.55 ; 3,982.24 ; 4,808.09 
28/02/2023; 7.14 ; 1.87 ; 16.16 ; 3,970.15 ; 4,777.26 
1/03/2023; 7.34 ; 1.89 ; 16.42 ; 3,951.39 ; 4,808.00 
2/03/2023; 7.19 ; 1.94 ; 16.19 ; 3,981.35 ; 4,846.53 
3/03/2023; 7.36 ; 1.96 ; 16.76 ; 4,045.64 ; 4,818.08 
6/03/2023; 7.50 ; 2.04 ; 16.94 ; 4,048.42 ; 4,786.88 
7/03/2023; 7.25 ; 1.97 ; 16.74 ; 3,986.37 ; 4,730.26 
8/03/2023; 7.29 ; 1.97 ; 16.79 ; 3,992.01 ; 4,759.25 
9/03/2023; 7.09 ; 1.92 ; 16.39 ; 3,918.32 ; 4,749.19 
10/03/2023; 7.00 ; 1.89 ; 16.26 ; 3,861.59 ; 4,745.76 
13/03/2023; 6.69 ; 1.89 ; 15.15 ; 3,855.76 ; 4,675.84 
14/03/2023; 6.77 ; 1.87 ; 15.03 ; 3,919.29 ; 4,763.75 
15/03/2023; 6.45 ; 1.73 ; 14.08 ; 3,891.93 ; 4,742.85 
16/03/2023; 6.49 ; 1.77 ; 14.65 ; 3,960.28 ; 4,847.00 
17/03/2023; 6.37 ; 1.71 ; 14.26 ; 3,916.64 ; 4,849.25 
20/03/2023; 6.34 ; 1.69 ; 14.42 ; 3,951.57 ; 4,718.33 
21/03/2023; 6.58 ; 1.84 ; 14.77 ; 4,002.87 ; 4,815.23 
22/03/2023; 6.46 ; 1.83 ; 14.65 ; 3,936.97 ; 4,811.68 
23/03/2023; 6.23 ; 1.76 ; 14.29 ; 3,948.72 ; 4,771.25 
24/03/2023; 6.19 ; 1.80 ; 14.51 ; 3,970.99 ; 4,754.75 
27/03/2023; 6.43 ; 1.84 ; 14.98 ; 3,977.53 ; 4,752.62 
28/03/2023; 6.61 ; 1.87 ; 15.32 ; 3,971.27 ; 4,675.25 
29/03/2023; 6.66 ; 1.92 ; 15.70 ; 4,027.81 ; 4,658.53 
30/03/2023; 6.69 ; 1.90 ; 16.08 ; 4,050.83 ; 4,634.25 
31/03/2023; 6.80 ; 1.93 ; 16.38 ; 4,109.31 ; 4,643.25 
3/04/2023; 7.17 ; 1.97 ; 16.81 ; 4,124.51 ; 4,661.51 
4/04/2023; 7.11 ; 1.97 ; 16.85 ; 4,100.60 ; 4,604.69 
5/04/2023; 7.17 ; 1.94 ; 16.87 ; 4,090.38 ; 4,589.65 
6/04/2023; 7.03 ; 1.94 ; 16.92 ; 4,105.02 ; 4,583.25 
10/04/2023; 7.14 ; 1.97 ; 17.07 ; 4,109.11 ; 4,569.22 
11/04/2023; 7.41 ; 2.06 ; 17.55 ; 4,108.94 ; 4,557.50 
12/04/2023; 7.45 ; 2.07 ; 17.91 ; 4,091.95 ; 4,510.57 
13/04/2023; 7.51 ; 2.16 ; 18.44 ; 4,146.22 ; 4,449.25 
14/04/2023; 7.50 ; 2.20 ; 18.88 ; 4,137.64 ; 4,417.98 
17/04/2023; 7.45 ; 2.14 ; 18.87 ; 4,151.32 ; 4,412.53 
18/04/2023; 7.34 ; 2.16 ; 19.19 ; 4,154.87 ; 4,426.75 
19/04/2023; 7.23 ; 2.15 ; 18.57 ; 4,154.52 ; 4,487.38 
20/04/2023; 7.16 ; 2.16 ; 18.39 ; 4,129.79 ; 4,532.25 
21/04/2023; 7.15 ; 2.15 ; 18.10 ; 4,133.52 ; 4,525.15 
24/04/2023; 7.48 ; 2.19 ; 18.21 ; 4,137.04 ; 4,513.94 
25/04/2023; 6.81 ; 2.15 ; 17.46 ; 4,071.63 ; 4,474.25 
26/04/2023; 6.57 ; 2.13 ; 16.77 ; 4,055.99 ; 4,494.57 
27/04/2023; 6.46 ; 2.03 ; 15.63 ; 4,135.35 ; 4,639.25 
28/04/2023; 6.74 ; 2.05 ; 15.96 ; 4,169.48 ; 4,654.75 
1/05/2023; 6.62 ; 1.96 ; 15.39 ; 4,167.87 ; 4,694.94 
2/05/2023; 6.10 ; 1.99 ; 15.45 ; 4,119.58 ; 4,706.50 
3/05/2023; 6.08 ; 2.02 ; 15.34 ; 4,090.75 ; 4,708.73 
4/05/2023; 6.01 ; 2.05 ; 15.46 ; 4,061.22 ; 4,650.00 
5/05/2023; 6.38 ; 2.11 ; 16.28 ; 4,136.25 ; 4,603.95 
8/05/2023; 6.29 ; 2.05 ; 16.29 ; 4,138.12 ; 4,525.30 
9/05/2023; 6.32 ; 2.03 ; 15.92 ; 4,119.17 ; 4,504.75 
10/05/2023; 6.32 ; 2.02 ; 15.95 ; 4,137.64 ; 4,559.25 
11/05/2023; 6.33 ; 1.97 ; 15.75 ; 4,130.62 ; 4,548.00 
12/05/2023; 6.46 ; 1.97 ; 16.04 ; 4,124.08 ; 4,594.50 
15/05/2023; 6.40 ; 2.02 ; 16.22 ; 4,136.28 ; 4,557.03 
16/05/2023; 6.35 ; 1.91 ; 15.70 ; 4,109.90 ; 4,513.25 
17/05/2023; 6.55 ; 1.94 ; 15.72 ; 4,158.77 ; 4,535.15 
18/05/2023; 6.46 ; 1.88 ; 15.51 ; 4,198.05 ; 4,515.57 
19/05/2023; 6.51 ; 1.81 ; 15.46 ; 4,191.98 ; 4,525.25 
22/05/2023; 6.53 ; 1.81 ; 15.87 ; 4,192.63 ; 4,540.25 
23/05/2023; 6.59 ; 1.86 ; 15.80 ; 4,145.58 ; 4,526.69 
24/05/2023; 6.61 ; 1.81 ; 15.73 ; 4,115.24 ; 4,479.75 
25/05/2023; 6.40 ; 1.84 ; 15.50 ; 4,151.28 ; 4,443.25 
26/05/2023; 6.48 ; 1.80 ; 15.68 ; 4,205.45 ; 4,490.25 
30/05/2023; 6.38 ; 1.81 ; 15.48 ; 4,205.52 ; 4,436.28 
31/05/2023; 6.30 ; 1.77 ; 15.25 ; 4,179.83 ; 4,391.25 
1/06/2023; 6.54 ; 1.82 ; 16.07 ; 4,221.02 ; 4,443.25 
2/06/2023; 6.77 ; 1.89 ; 16.94 ; 4,282.37 ; 4,389.25 
5/06/2023; 6.75 ; 1.98 ; 17.23 ; 4,273.79 ; 4,349.25 
6/06/2023; 6.99 ; 2.06 ; 18.68 ; 4,283.85 ; 4,294.25 
7/06/2023; 7.15 ; 2.06 ; 18.64 ; 4,267.52 ; 4,218.75 
8/06/2023; 7.22 ; 2.06 ; 18.71 ; 4,293.93 ; 4,216.25 
9/06/2023; 7.21 ; 2.04 ; 18.73 ; 4,298.86 ; 4,187.25 
12/06/2023; 7.05 ; 2.03 ; 18.44 ; 4,338.93 ; 4,178.25 
13/06/2023; 7.08 ; 2.02 ; 18.12 ; 4,369.01 ; 4,173.25 
14/06/2023; 7.12 ; 2.00 ; 18.10 ; 4,372.59 ; 4,180.25 
15/06/2023; 7.23 ; 2.06 ; 18.37 ; 4,425.84 ; 4,175.75 
16/06/2023; 7.25 ; 2.01 ; 17.89 ; 4,409.59 ; 4,146.25 
20/06/2023; 7.16 ; 2.01 ; 17.78 ; 4,388.71 ; 4,166.25 
21/06/2023; 7.34 ; 2.00 ; 17.98 ; 4,365.69 ; 4,148.10 
22/06/2023; 7.27 ; 1.97 ; 17.61 ; 4,381.89 ; 4,152.50 
23/06/2023; 7.12 ; 1.98 ; 17.12 ; 4,348.33 ; 4,115.25 
26/06/2023; 7.25 ; 1.96 ; 17.32 ; 4,328.82 ; 4,187.25 
27/06/2023; 7.11 ; 1.96 ; 17.50 ; 4,378.41 ; 4,162.18 
28/06/2023; 7.16 ; 1.95 ; 17.80 ; 4,376.86 ; 4,164.75 
29/06/2023; 7.14 ; 1.94 ; 17.90 ; 4,396.44 ; 4,149.70 
30/06/2023; 7.11 ; 1.97 ; 17.95 ; 4,450.38 ; 4,167.85 
3/07/2023; 7.25 ; 1.99 ; 17.97 ; 4,455.59 ; 4,173.25 
5/07/2023; 7.20 ; 1.98 ; 17.76 ; 4,446.82 ; 4,156.23 
6/07/2023; 7.00 ; 1.97 ; 17.22 ; 4,411.59 ; 4,127.93 
7/07/2023; 7.18 ; 2.02 ; 17.97 ; 4,398.95 ; 4,178.25 
10/07/2023; 7.21 ; 1.99 ; 18.05 ; 4,409.53 ; 4,173.61 
11/07/2023; 7.34 ; 2.04 ; 18.23 ; 4,439.26 ; 4,158.25 
12/07/2023; 7.47 ; 1.99 ; 18.52 ; 4,472.16 ; 4,186.75 
13/07/2023; 7.59 ; 2.05 ; 19.32 ; 4,510.04 ; 4,137.64 
14/07/2023; 7.39 ; 2.09 ; 19.30 ; 4,505.42 ; 4,097.25 
17/07/2023; 7.46 ; 2.11 ; 19.69 ; 4,522.79 ; 4,057.25 
18/07/2023; 7.57 ; 2.26 ; 19.88 ; 4,554.98 ; 4,013.25 
19/07/2023; 7.61 ; 2.24 ; 20.14 ; 4,565.72 ; 4,003.53 
20/07/2023; 7.64 ; 2.21 ; 20.12 ; 4,534.87 ; 3,974.25 
21/07/2023; 7.68 ; 2.20 ; 20.13 ; 4,536.34 ; 3,977.25 
24/07/2023; 7.80 ; 2.23 ; 20.06 ; 4,554.64 ; 3,971.56 
25/07/2023; 7.84 ; 2.25 ; 19.91 ; 4,567.46 ; 3,948.63 
26/07/2023; 7.84 ; 2.23 ; 20.01 ; 4,566.75 ; 3,973.00 
27/07/2023; 7.69 ; 2.19 ; 20.03 ; 4,537.41 ; 3,947.44 
28/07/2023; 7.83 ; 2.24 ; 20.24 ; 4,582.23 ; 3,954.25 
31/07/2023; 8.13 ; 2.25 ; 20.55 ; 4,588.96 ; 3,926.29 
1/08/2023; 7.94 ; 2.22 ; 20.12 ; 4,576.73 ; 3,906.02 
2/08/2023; 7.75 ; 2.13 ; 19.24 ; 4,513.39 ; 3,968.78 
3/08/2023; 7.80 ; 2.09 ; 19.35 ; 4,501.89 ; 4,041.53 
4/08/2023; 7.92 ; 2.17 ; 19.78 ; 4,478.03 ; 4,115.56 
7/08/2023; 7.96 ; 2.27 ; 19.82 ; 4,518.44 ; 4,088.77 
8/08/2023; 8.03 ; 2.21 ; 19.68 ; 4,499.38 ; 4,027.10 
9/08/2023; 7.81 ; 2.24 ; 19.46 ; 4,467.71 ; 4,049.47 
10/08/2023; 7.94 ; 2.26 ; 19.25 ; 4,468.83 ; 4,051.72 
11/08/2023; 8.02 ; 2.24 ; 18.97 ; 4,464.05 ; 3,987.02 
14/08/2023; 7.80 ; 2.17 ; 18.66 ; 4,489.72 ; 3,963.11 
15/08/2023; 7.70 ; 2.09 ; 17.98 ; 4,437.86 ; 4,038.25 
16/08/2023; 7.71 ; 2.07 ; 18.32 ; 4,404.33 ; 4,094.70 
17/08/2023; 7.75 ; 2.03 ; 18.25 ; 4,370.36 ; 4,122.50 
18/08/2023; 7.81 ; 1.99 ; 18.27 ; 4,369.71 ; 4,096.00 
21/08/2023; 7.79 ; 2.00 ; 18.42 ; 4,399.77 ; 4,116.89 
22/08/2023; 7.80 ; 1.98 ; 18.18 ; 4,387.55 ; 4,061.31 
23/08/2023; 7.86 ; 1.92 ; 18.44 ; 4,436.01 ; 4,111.25 
24/08/2023; 7.80 ; 1.93 ; 18.29 ; 4,376.31 ; 4,092.20 
25/08/2023; 7.77 ; 1.89 ; 18.17 ; 4,405.71 ; 4,080.25 
28/08/2023; 7.92 ; 1.91 ; 18.42 ; 4,433.31 ; 4,120.35 
29/08/2023; 8.11 ; 1.98 ; 18.58 ; 4,497.63 ; 4,121.93 
30/08/2023; 8.29 ; 2.06 ; 18.40 ; 4,514.87 ; 4,108.40 
31/08/2023; 8.10 ; 2.14 ; 17.96 ; 4,507.66 ; 4,096.78 
1/09/2023; 8.18 ; 2.03 ; 18.23 ; 4,515.77 ; 4,086.80 
5/09/2023; 8.22 ; 1.93 ; 17.12 ; 4,496.83 ; 4,054.33 
6/09/2023; 8.27 ; 1.90 ; 17.01 ; 4,465.48 ; 4,084.75 
7/09/2023; 8.25 ; 1.92 ; 16.77 ; 4,451.14 ; 4,064.45 
8/09/2023; 8.34 ; 1.94 ; 17.05 ; 4,457.49 ; 4,027.03 
11/09/2023; 8.32 ; 1.99 ; 17.27 ; 4,487.46 ; 4,015.08 
12/09/2023; 8.54 ; 1.98 ; 18.01 ; 4,461.90 ; 3,985.75 
13/09/2023; 8.47 ; 2.00 ; 18.16 ; 4,467.44 ; 3,982.58 
14/09/2023; 8.70 ; 2.06 ; 18.49 ; 4,505.10 ; 3,959.75 
15/09/2023; 8.70 ; 2.15 ; 18.58 ; 4,450.32 ; 3,917.50 
18/09/2023; 8.66 ; 2.13 ; 19.05 ; 4,453.53 ; 3,928.25 
19/09/2023; 8.79 ; 2.19 ; 18.97 ; 4,443.95 ; 3,895.45 
20/09/2023; 8.95 ; 2.15 ; 18.90 ; 4,402.20 ; 3,921.75 
21/09/2023; 8.70 ; 2.09 ; 18.05 ; 4,330.00 ; 3,906.25 
22/09/2023; 8.72 ; 2.16 ; 18.46 ; 4,320.06 ; 3,941.75 
25/09/2023; 8.79 ; 2.09 ; 18.23 ; 4,337.44 ; 3,984.29 
26/09/2023; 8.44 ; 2.12 ; 17.95 ; 4,273.53 ; 4,018.83 
27/09/2023; 8.57 ; 2.12 ; 18.12 ; 4,274.51 ; 4,066.25 
28/09/2023; 8.61 ; 2.12 ; 18.32 ; 4,299.70 ; 4,102.55 
29/09/2023; 8.59 ; 2.10 ; 18.56 ; 4,288.05 ; 4,071.25 
2/10/2023; 8.31 ; 2.13 ; 18.19 ; 4,288.39 ; 4,075.92 
3/10/2023; 8.33 ; 2.16 ; 17.53 ; 4,229.45 ; 4,160.25 
4/10/2023; 8.05 ; 2.07 ; 17.34 ; 4,263.75 ; 4,215.75 
5/10/2023; 7.95 ; 2.01 ; 16.99 ; 4,258.19 ; 4,285.25 
6/10/2023; 8.10 ; 2.05 ; 17.45 ; 4,308.50 ; 4,347.25 
9/10/2023; 8.53 ; 2.06 ; 17.45 ; 4,335.66 ; 4,324.75 
10/10/2023; 8.73 ; 2.13 ; 18.04 ; 4,358.24 ; 4,315.25 
11/10/2023; 8.80 ; 2.07 ; 17.78 ; 4,376.95 ; 4,229.04 
12/10/2023; 8.83 ; 2.04 ; 17.55 ; 4,349.61 ; 4,215.25 
13/10/2023; 9.06 ; 2.06 ; 17.38 ; 4,327.78 ; 4,266.25 
16/10/2023; 9.16 ; 2.11 ; 17.36 ; 4,373.63 ; 4,235.25 
17/10/2023; 9.25 ; 2.12 ; 17.59 ; 4,373.20 ; 4,239.25 
18/10/2023; 9.22 ; 2.07 ; 17.70 ; 4,314.60 ; 4,196.73 
19/10/2023; 9.13 ; 2.07 ; 17.68 ; 4,278.00 ; 4,248.25 
20/10/2023; 9.09 ; 2.07 ; 17.68 ; 4,224.16 ; 4,257.75 
23/10/2023; 8.92 ; 2.00 ; 17.55 ; 4,217.04 ; 4,234.25 
24/10/2023; 8.94 ; 1.96 ; 17.54 ; 4,247.68 ; 4,211.80 
25/10/2023; 9.02 ; 2.00 ; 17.49 ; 4,186.77 ; 4,213.76 
26/10/2023; 8.94 ; 2.01 ; 17.76 ; 4,137.23 ; 4,185.25 
27/10/2023; 8.87 ; 1.95 ; 17.75 ; 4,117.37 ; 4,137.00 
30/10/2023; 8.79 ; 1.99 ; 18.09 ; 4,166.82 ; 4,082.33 
31/10/2023; 8.76 ; 2.00 ; 17.66 ; 4,193.80 ; 4,060.00 
1/11/2023; 8.97 ; 1.99 ; 17.84 ; 4,237.86 ; 4,112.75 
2/11/2023; 9.25 ; 2.06 ; 18.48 ; 4,317.78 ; 4,100.75 
3/11/2023; 9.17 ; 2.08 ; 18.87 ; 4,358.34 ; 4,046.92 
6/11/2023; 9.02 ; 2.11 ; 18.76 ; 4,365.98 ; 3,942.90 
7/11/2023; 8.68 ; 2.03 ; 18.61 ; 4,378.38 ; 3,977.25 
8/11/2023; 8.49 ; 1.98 ; 18.36 ; 4,382.78 ; 4,010.58 
9/11/2023; 8.64 ; 1.94 ; 18.55 ; 4,347.35 ; 4,088.50 
10/11/2023; 8.70 ; 1.99 ; 18.87 ; 4,415.24 ; 4,052.25 
13/11/2023; 8.82 ; 1.95 ; 18.75 ; 4,411.55 ; 3,981.99 
14/11/2023; 8.93 ; 2.00 ; 19.32 ; 4,495.70 ; 4,023.25 
15/11/2023; 8.84 ; 1.99 ; 19.21 ; 4,502.88 ; 3,960.25 
16/11/2023; 8.76 ; 1.98 ; 18.94 ; 4,508.24 ; 4,029.00 
17/11/2023; 9.10 ; 1.94 ; 19.05 ; 4,514.02 ; 4,085.70 
20/11/2023; 9.25 ; 1.90 ; 19.10 ; 4,547.38 ; 4,021.15 
21/11/2023; 9.26 ; 1.92 ; 18.75 ; 4,538.19 ; 4,046.68 
22/11/2023; 9.20 ; 1.91 ; 19.41 ; 4,556.62 ; 4,071.28 
24/11/2023; 9.46 ; 1.96 ; 19.21 ; 4,559.34 ; 4,064.76 
27/11/2023; 9.47 ; 1.93 ; 19.66 ; 4,550.43 ; 4,008.77 
28/11/2023; 9.55 ; 1.89 ; 19.59 ; 4,554.89 ; 4,008.75 
29/11/2023; 9.43 ; 1.89 ; 19.43 ; 4,550.58 ; 3,953.43 
30/11/2023; 9.36 ; 1.97 ; 19.19 ; 4,567.80 ; 3,988.85 
1/12/2023; 9.51 ; 1.90 ; 19.67 ; 4,594.63 ; 4,014.58 
4/12/2023; 9.38 ; 1.88 ; 19.46 ; 4,569.78 ; 3,973.13 
5/12/2023; 9.33 ; 1.89 ; 19.43 ; 4,567.18 ; 4,018.75 
6/12/2023; 9.11 ; 1.89 ; 19.39 ; 4,549.34 ; 4,010.50 
7/12/2023; 9.18 ; 1.94 ; 19.36 ; 4,585.59 ; 4,000.10 
8/12/2023; 9.44 ; 1.89 ; 19.56 ; 4,604.37 ; 3,997.73 
11/12/2023; 9.39 ; 1.88 ; 19.39 ; 4,622.44 ; 3,948.16 
12/12/2023; 9.16 ; 1.88 ; 19.64 ; 4,643.70 ; 3,966.25 
13/12/2023; 9.40 ; 1.94 ; 20.26 ; 4,707.09 ; 3,987.14 
14/12/2023; 9.61 ; 1.94 ; 20.52 ; 4,719.55 ; 3,968.25 
15/12/2023; 9.50 ; 1.97 ; 20.10 ; 4,719.19 ; 3,964.50 
18/12/2023; 9.58 ; 1.98 ; 20.18 ; 4,740.56 ; 3,946.10 
19/12/2023; 9.51 ; 1.96 ; 20.28 ; 4,768.37 ; 3,932.75 
20/12/2023; 9.31 ; 2.04 ; 20.36 ; 4,698.35 ; 3,941.25 
21/12/2023; 9.47 ; 1.98 ; 20.69 ; 4,746.75 ; 3,939.88 
22/12/2023; 9.47 ; 2.00 ; 21.20 ; 4,754.63 ; 3,944.75 
26/12/2023; 9.69 ; 2.04 ; 21.56 ; 4,774.75 ; 3,951.08 
27/12/2023; 9.61 ; 2.07 ; 22.03 ; 4,781.58 ; 3,858.00 
28/12/2023; 9.49 ; 2.16 ; 22.02 ; 4,783.35 ; 3,832.75 
29/12/2023; 9.45 ; 2.16 ; 22.03 ; 4,769.83 ; 3,879.75 
2/01/2024; 9.48 ; 2.24 ; 22.37 ; 4,742.83 ; 3,883.09 
3/01/2024; 9.77 ; 2.25 ; 22.43 ; 4,704.81 ; 3,887.48 
4/01/2024; 9.69 ; 2.18 ; 23.51 ; 4,688.68 ; 3,896.75 
5/01/2024; 9.95 ; 2.31 ; 24.38 ; 4,697.24 ; 3,927.13 
8/01/2024; 9.71 ; 2.32 ; 23.55 ; 4,763.54 ; 3,874.19 
9/01/2024; 9.57 ; 2.30 ; 23.48 ; 4,756.50 ; 3,882.75 
10/01/2024; 9.44 ; 2.28 ; 23.31 ; 4,783.45 ; 3,938.25 
11/01/2024; 9.54 ; 2.23 ; 22.84 ; 4,780.24 ; 3,934.75 
12/01/2024; 9.63 ; 2.26 ; 22.79 ; 4,783.83 ; 3,916.73 
16/01/2024; 9.33 ; 2.28 ; 22.20 ; 4,765.98 ; 3,909.48 
17/01/2024; 9.26 ; 2.32 ; 22.46 ; 4,739.21 ; 3,948.60 
18/01/2024; 9.29 ; 2.32 ; 23.06 ; 4,780.94 ; 3,956.43 
19/01/2024; 9.25 ; 2.36 ; 22.84 ; 4,839.81 ; 3,919.39 
22/01/2024; 9.20 ; 2.30 ; 22.66 ; 4,850.43 ; 3,869.93 
23/01/2024; 9.24 ; 2.26 ; 22.31 ; 4,864.60 ; 3,900.60 
24/01/2024; 9.30 ; 2.25 ; 22.49 ; 4,868.55 ; 3,955.96 
25/01/2024; 9.51 ; 2.23 ; 22.32 ; 4,894.16 ; 3,913.98 
26/01/2024; 9.74 ; 2.28 ; 22.76 ; 4,890.97 ; 3,937.50 
29/01/2024; 9.70 ; 2.30 ; 22.68 ; 4,927.93 ; 3,893.14 
30/01/2024; 9.71 ; 2.35 ; 22.73 ; 4,924.97 ; 3,926.73 
31/01/2024; 9.54 ; 2.34 ; 22.53 ; 4,845.65 ; 3,919.26 
1/02/2024; 9.59 ; 2.34 ; 22.99 ; 4,906.19 ; 3,915.28 
2/02/2024; 9.35 ; 2.30 ; 22.91 ; 4,958.61 ; 3,884.60 
5/02/2024; 9.29 ; 2.34 ; 22.74 ; 4,942.81 ; 3,877.01 
6/02/2024; 9.44 ; 2.31 ; 22.76 ; 4,954.23 ; 3,962.61 
7/02/2024; 9.50 ; 2.32 ; 22.75 ; 4,995.06 ; 3,950.09 
8/02/2024; 9.44 ; 2.31 ; 22.47 ; 4,997.91 ; 3,953.46 
9/02/2024; 9.41 ; 2.31 ; 22.61 ; 5,026.61 ; 3,945.00 
12/02/2024; 9.44 ; 2.28 ; 22.58 ; 5,021.84 ; 3,892.50 
13/02/2024; 9.24 ; 2.28 ; 22.16 ; 4,953.17 ; 3,911.92 
14/02/2024; 9.24 ; 2.26 ; 22.63 ; 5,000.62 ; 3,923.32 
15/02/2024; 9.38 ; 2.26 ; 22.60 ; 5,029.73 ; 3,913.21 
16/02/2024; 9.40 ; 2.31 ; 22.73 ; 5,005.57 ; 3,907.38 
20/02/2024; 9.21 ; 2.27 ; 22.51 ; 4,975.51 ; 3,916.35 
21/02/2024; 9.44 ; 2.30 ; 23.10 ; 4,981.80 ; 3,916.89 
22/02/2024; 9.47 ; 2.29 ; 23.36 ; 5,087.03 ; 3,923.45 
23/02/2024; 9.36 ; 2.28 ; 23.79 ; 5,088.80 ; 3,926.88 
26/02/2024; 9.42 ; 2.24 ; 23.73 ; 5,069.53 ; 3,879.02 
27/02/2024; 9.50 ; 2.27 ; 23.34 ; 5,078.18 ; 3,959.71 
28/02/2024; 9.32 ; 2.29 ; 23.30 ; 5,069.76 ; 3,929.96 
29/02/2024; 9.28 ; 2.28 ; 23.29 ; 5,096.27 ; 3,923.19 
1/03/2024; 9.01 ; 2.32 ; 23.46 ; 5,137.08 ; 3,926.13 
4/03/2024; 8.54 ; 2.29 ; 23.39 ; 5,130.95 ; 3,867.06 
5/03/2024; 8.40 ; 2.28 ; 23.60 ; 5,078.65 ; 3,943.61 
6/03/2024; 8.41 ; 2.29 ; 23.97 ; 5,104.76 ; 3,942.98 
7/03/2024; 8.43 ; 2.28 ; 23.96 ; 5,157.36 ; 3,921.93 
8/03/2024; 8.34 ; 2.30 ; 23.40 ; 5,123.69 ; 3,914.01 
11/03/2024; 8.35 ; 2.25 ; 23.36 ; 5,117.94 ; 3,865.88 
12/03/2024; 8.40 ; 2.18 ; 23.15 ; 5,175.27 ; 3,907.25 
13/03/2024; 8.44 ; 2.05 ; 23.36 ; 5,165.31 ; 3,901.12 
14/03/2024; 8.54 ; 2.06 ; 23.20 ; 5,150.48 ; 3,901.25 
15/03/2024; 8.75 ; 1.94 ; 23.14 ; 5,117.09 ; 3,895.20 
18/03/2024; 8.56 ; 1.99 ; 23.74 ; 5,149.42 ; 3,848.22 
19/03/2024; 8.61 ; 2.02 ; 23.64 ; 5,178.51 ; 3,887.88 
20/03/2024; 8.74 ; 2.00 ; 24.24 ; 5,224.62 ; 3,873.93 
21/03/2024; 8.64 ; 2.02 ; 24.74 ; 5,241.53 ; 3,878.86 
22/03/2024; 8.57 ; 2.03 ; 24.90 ; 5,234.18 ; 3,887.85 
25/03/2024; 8.75 ; 2.03 ; 24.63 ; 5,218.19 ; 3,838.93 
26/03/2024; 8.71 ; 2.01 ; 25.13 ; 5,203.58 ; 3,946.12 
27/03/2024; 8.98 ; 2.04 ; 25.05 ; 5,248.49 ; 3,855.50 
28/03/2024; 9.39 ; 2.09 ; 25.16 ; 5,254.35 ; 3,846.38 
1/04/2024; 9.60 ; 2.08 ; 25.24 ; 5,243.77 ; 3,859.45 
2/04/2024; 10.07 ; 2.13 ; 25.82 ; 5,205.81 ; 3,861.06 
3/04/2024; 10.22 ; 2.12 ; 26.08 ; 5,211.49 ; 3,830.25 
4/04/2024; 10.25 ; 2.20 ; 27.02 ; 5,147.21 ; 3,811.61 
5/04/2024; 10.27 ; 2.16 ; 26.74 ; 5,204.34 ; 3,768.25 
8/04/2024; 10.18 ; 2.21 ; 26.63 ; 5,202.39 ; 3,773.34 
9/04/2024; 10.23 ; 2.29 ; 26.86 ; 5,209.91 ; 3,771.35 
10/04/2024; 10.01 ; 2.24 ; 26.32 ; 5,160.64 ; 3,765.25 
11/04/2024; 10.20 ; 2.25 ; 26.30 ; 5,199.06 ; 3,802.25 
12/04/2024; 9.89 ; 2.24 ; 25.36 ; 5,123.41 ; 3,822.25 
15/04/2024; 9.75 ; 2.16 ; 24.78 ; 5,061.82 ; 3,813.10 
16/04/2024; 9.72 ; 2.17 ; 24.60 ; 5,051.41 ; 3,884.25 
17/04/2024; 9.68 ; 2.15 ; 24.47 ; 5,022.21 ; 3,921.50 
18/04/2024; 9.59 ; 2.13 ; 23.72 ; 5,011.12 ; 3,890.40 
19/04/2024; 9.73 ; 2.15 ; 24.00 ; 4,967.23 ; 3,926.65 
22/04/2024; 9.78 ; 2.20 ; 24.05 ; 5,010.60 ; 3,912.62 
23/04/2024; 9.92 ; 2.20 ; 23.98 ; 5,070.55 ; 3,909.85 
24/04/2024; 9.88 ; 2.17 ; 23.57 ; 5,071.63 ; 3,903.20 
25/04/2024; 9.84 ; 2.16 ; 23.07 ; 5,048.42 ; 3,937.50 
26/04/2024; 10.02 ; 2.20 ; 24.13 ; 5,099.96 ; 3,956.01 
29/04/2024; 10.19 ; 2.22 ; 24.77 ; 5,116.17 ; 3,963.49 
30/04/2024; 9.81 ; 2.17 ; 24.05 ; 5,035.69 ; 3,907.26 
1/05/2024; 9.71 ; 2.16 ; 24.22 ; 5,018.39 ; 3,907.75 
2/05/2024; 9.76 ; 2.17 ; 24.55 ; 5,064.20 ; 3,912.25 
3/05/2024; 9.76 ; 2.17 ; 24.94 ; 5,127.79 ; 3,895.75 
6/05/2024; 9.81 ; 2.19 ; 25.19 ; 5,180.74 ; 3,886.29 
7/05/2024; 9.86 ; 2.18 ; 25.02 ; 5,187.70 ; 3,892.75 
8/05/2024; 9.92 ; 2.20 ; 25.06 ; 5,187.67 ; 3,887.25 
9/05/2024; 9.93 ; 2.19 ; 25.04 ; 5,214.08 ; 3,896.25 
10/05/2024; 9.84 ; 2.21 ; 25.16 ; 5,222.68 ; 3,888.76 
13/05/2024; 9.86 ; 2.24 ; 25.47 ; 5,221.42 ; 3,889.11 
14/05/2024; 10.22 ; 2.27 ; 25.79 ; 5,246.68 ; 3,886.95 
15/05/2024; 10.16 ; 2.25 ; 26.21 ; 5,308.15 ; 3,851.75 
16/05/2024; 10.17 ; 2.25 ; 26.39 ; 5,297.10 ; 3,822.31 
17/05/2024; 10.25 ; 2.25 ; 26.71 ; 5,303.27 ; 3,826.38 
20/05/2024; 10.40 ; 2.26 ; 27.43 ; 5,308.13 ; 3,805.42 
21/05/2024; 10.39 ; 2.29 ; 27.40 ; 5,321.41 ; 3,824.92 
22/05/2024; 10.04 ; 2.25 ; 26.42 ; 5,307.01 ; 3,821.06 
23/05/2024; 10.03 ; 2.24 ; 26.38 ; 5,267.84 ; 3,827.90 
24/05/2024; 10.08 ; 2.23 ; 25.95 ; 5,304.72 ; 3,864.40 
28/05/2024; 10.51 ; 2.25 ; 26.36 ; 5,306.04 ; 3,868.24 
29/05/2024; 10.40 ; 2.21 ; 25.75 ; 5,266.95 ; 3,858.39 
30/05/2024; 10.38 ; 2.23 ; 26.15 ; 5,235.48 ; 3,867.50 
31/05/2024; 10.40 ; 2.15 ; 26.07 ; 5,277.51 ; 3,864.75 
3/06/2024; 10.30 ; 2.25 ; 26.34 ; 5,283.40 ; 3,855.90 
4/06/2024; 10.21 ; 2.15 ; 25.63 ; 5,291.34 ; 3,856.24 
5/06/2024; 10.14 ; 2.13 ; 25.93 ; 5,354.03 ; 3,924.76 
6/06/2024; 10.17 ; 2.15 ; 25.96 ; 5,352.96 ; 3,930.00 
7/06/2024; 10.14 ; 2.13 ; 26.35 ; 5,346.99 ; 3,939.75 
10/06/2024; 10.25 ; 2.12 ; 25.57 ; 5,360.79 ; 3,965.90 
11/06/2024; 10.08 ; 2.11 ; 24.99 ; 5,375.32 ; 3,963.34 
12/06/2024; 9.99 ; 2.04 ; 24.52 ; 5,421.03 ; 3,988.85 
13/06/2024; 9.92 ; 1.99 ; 24.11 ; 5,433.74 ; 4,025.00 
14/06/2024; 9.84 ; 1.98 ; 23.86 ; 5,431.60 ; 4,143.75 
17/06/2024; 9.99 ; 1.93 ; 24.08 ; 5,473.23 ; 4,136.82 
18/06/2024; 10.19 ; 1.96 ; 24.35 ; 5,487.03 ; 4,131.50 
20/06/2024; 10.24 ; 1.98 ; 24.10 ; 5,473.17 ; 4,160.75 
21/06/2024; 10.14 ; 1.97 ; 23.96 ; 5,464.62 ; 4,162.70 
24/06/2024; 10.71 ; 2.03 ; 24.37 ; 5,447.87 ; 4,161.56 
25/06/2024; 10.08 ; 1.97 ; 24.07 ; 5,469.30 ; 4,086.75 
26/06/2024; 10.08 ; 2.00 ; 24.16 ; 5,477.90 ; 4,088.73 
27/06/2024; 10.07 ; 1.98 ; 24.99 ; 5,482.87 ; 4,144.75 
28/06/2024; 10.10 ; 1.99 ; 25.35 ; 5,460.48 ; 4,173.88 
1/07/2024; 10.02 ; 2.00 ; 25.20 ; 5,475.09 ; 4,176.80 
2/07/2024; 10.05 ; 1.99 ; 25.91 ; 5,509.01 ; 4,132.25 
3/07/2024; 10.17 ; 2.02 ; 25.66 ; 5,537.02 ; 4,117.95 
5/07/2024; 10.13 ; 1.97 ; 25.69 ; 5,567.19 ; 4,091.00 
8/07/2024; 10.13 ; 2.00 ; 25.94 ; 5,572.85 ; 4,094.69 
9/07/2024; 10.04 ; 1.99 ; 26.08 ; 5,576.98 ; 4,064.75 
10/07/2024; 10.05 ; 2.00 ; 26.58 ; 5,633.91 ; 4,046.40 
11/07/2024; 10.11 ; 1.99 ; 26.53 ; 5,584.54 ; 3,968.77 
12/07/2024; 10.10 ; 2.04 ; 26.80 ; 5,615.35 ; 3,972.83 
15/07/2024; 10.08 ; 2.02 ; 26.37 ; 5,631.22 ; 3,961.90 
16/07/2024; 9.93 ; 2.01 ; 26.66 ; 5,667.20 ; 3,935.20 
17/07/2024; 9.89 ; 1.98 ; 26.27 ; 5,588.27 ; 3,975.36 
18/07/2024; 9.81 ; 1.96 ; 25.79 ; 5,544.59 ; 3,998.50 
19/07/2024; 9.75 ; 2.00 ; 26.12 ; 5,505.00 ; 4,021.41 
22/07/2024; 9.75 ; 2.00 ; 26.36 ; 5,564.41 ; 4,046.72 
23/07/2024; 9.60 ; 1.99 ; 25.97 ; 5,555.74 ; 3,992.25 
24/07/2024; 9.56 ; 1.95 ; 25.49 ; 5,427.13 ; 4,014.75 
25/07/2024; 9.64 ; 1.97 ; 25.46 ; 5,399.22 ; 4,043.05 
26/07/2024; 9.65 ; 1.97 ; 25.58 ; 5,459.10 ; 4,029.75 
29/07/2024; 9.52 ; 1.95 ; 25.20 ; 5,463.54 ; 4,021.06 
30/07/2024; 9.44 ; 1.92 ; 25.31 ; 5,436.44 ; 4,064.65 
31/07/2024; 9.67 ; 1.97 ; 25.87 ; 5,522.30 ; 4,082.25 
1/08/2024; 9.40 ; 1.97 ; 25.49 ; 5,446.68 ; 4,051.75 
2/08/2024; 9.01 ; 1.93 ; 24.69 ; 5,346.56 ; 4,084.90 
5/08/2024; 8.77 ; 1.83 ; 24.13 ; 5,186.33 ; 4,050.26 
6/08/2024; 9.07 ; 1.87 ; 24.23 ; 5,240.03 ; 4,163.07 
7/08/2024; 9.12 ; 1.83 ; 23.86 ; 5,199.50 ; 4,138.00 
8/08/2024; 9.33 ; 1.91 ; 24.51 ; 5,319.31 ; 4,134.89 
9/08/2024; 9.45 ; 1.88 ; 24.51 ; 5,344.16 ; 4,079.75 
12/08/2024; 9.60 ; 1.91 ; 25.61 ; 5,344.39 ; 4,069.25 
13/08/2024; 9.48 ; 1.93 ; 26.03 ; 5,434.43 ; 4,051.55 
14/08/2024; 9.17 ; 1.95 ; 26.29 ; 5,455.21 ; 4,035.22 
15/08/2024; 9.33 ; 1.97 ; 26.63 ; 5,543.22 ; 4,014.75 
16/08/2024; 9.36 ; 1.98 ; 26.32 ; 5,554.25 ; 4,007.35 
19/08/2024; 9.39 ; 2.00 ; 27.01 ; 5,608.25 ; 4,032.24 
20/08/2024; 9.18 ; 2.07 ; 25.83 ; 5,597.12 ; 4,027.25 
21/08/2024; 9.16 ; 2.02 ; 25.76 ; 5,620.85 ; 4,007.25 
22/08/2024; 9.06 ; 1.99 ; 25.40 ; 5,570.64 ; 4,025.25 
23/08/2024; 9.22 ; 1.99 ; 25.55 ; 5,634.61 ; 4,067.75 
26/08/2024; 9.39 ; 1.97 ; 25.94 ; 5,616.84 ; 4,022.25 
27/08/2024; 9.24 ; 1.97 ; 25.79 ; 5,625.80 ; 4,025.95 
28/08/2024; 9.10 ; 1.94 ; 25.72 ; 5,592.18 ; 4,040.09 
29/08/2024; 9.00 ; 1.91 ; 25.28 ; 5,591.96 ; 4,083.25 
30/08/2024; 8.88 ; 1.94 ; 25.69 ; 5,648.40 ; 4,125.13 
3/09/2024; 8.54 ; 1.93 ; 25.54 ; 5,528.93 ; 4,145.51 
4/09/2024; 8.35 ; 1.93 ; 25.39 ; 5,520.07 ; 4,180.05 
5/09/2024; 8.32 ; 1.94 ; 25.53 ; 5,503.41 ; 4,182.25 
6/09/2024; 8.29 ; 1.94 ; 24.99 ; 5,408.42 ; 4,163.33 
9/09/2024; 8.16 ; 1.88 ; 24.40 ; 5,471.05 ; 4,172.83 
10/09/2024; 7.97 ; 1.87 ; 24.20 ; 5,495.52 ; 4,208.25 
11/09/2024; 8.08 ; 1.87 ; 24.51 ; 5,554.13 ; 4,283.63 
12/09/2024; 8.27 ; 1.89 ; 24.74 ; 5,595.76 ; 4,268.23 
13/09/2024; 8.27 ; 1.92 ; 24.70 ; 5,626.02 ; 4,209.25 
16/09/2024; 8.36 ; 1.90 ; 24.67 ; 5,633.09 ; 4,198.69 
17/09/2024; 8.38 ; 1.82 ; 24.52 ; 5,634.58 ; 4,224.75 
18/09/2024; 8.27 ; 1.91 ; 24.64 ; 5,618.26 ; 4,203.50 
19/09/2024; 8.25 ; 1.94 ; 25.02 ; 5,713.64 ; 4,188.50 
20/09/2024; 8.24 ; 1.93 ; 24.97 ; 5,702.55 ; 4,163.50 
23/09/2024; 8.36 ; 1.93 ; 25.22 ; 5,718.57 ; 4,152.23 
24/09/2024; 8.41 ; 1.94 ; 25.59 ; 5,732.93 ; 4,160.00 
25/09/2024; 7.90 ; 1.91 ; 25.41 ; 5,722.26 ; 4,147.00 
26/09/2024; 7.90 ; 1.90 ; 25.64 ; 5,745.37 ; 4,199.00 
27/09/2024; 8.14 ; 1.94 ; 25.47 ; 5,738.17 ; 4,164.75 
30/09/2024; 8.06 ; 1.93 ; 25.00 ; 5,762.48 ; 4,179.31 
1/10/2024; 8.15 ; 1.92 ; 24.86 ; 5,708.75 ; 4,191.51 
2/10/2024; 8.13 ; 1.92 ; 24.93 ; 5,709.54 ; 4,219.52 
3/10/2024; 8.11 ; 1.94 ; 24.66 ; 5,699.94 ; 4,181.36 
4/10/2024; 8.14 ; 1.93 ; 24.99 ; 5,751.07 ; 4,185.11 
7/10/2024; 8.17 ; 1.94 ; 24.76 ; 5,695.94 ; 4,163.47 
8/10/2024; 7.82 ; 1.94 ; 24.84 ; 5,751.13 ; 4,212.75 
9/10/2024; 7.80 ; 1.94 ; 25.15 ; 5,792.04 ; 4,229.33 
10/10/2024; 7.95 ; 1.94 ; 25.35 ; 5,780.05 ; 4,232.74 
11/10/2024; 7.89 ; 1.94 ; 25.77 ; 5,815.03 ; 4,210.75 
14/10/2024; 7.84 ; 1.94 ; 26.00 ; 5,859.85 ; 4,195.06 
15/10/2024; 7.53 ; 1.94 ; 25.70 ; 5,815.26 ; 4,207.49 
16/10/2024; 7.43 ; 1.94 ; 25.64 ; 5,842.47 ; 4,242.25 
17/10/2024; 7.35 ; 1.94 ; 25.58 ; 5,841.47 ; 4,256.00 
18/10/2024; 7.43 ; 1.98 ; 26.40 ; 5,864.67 ; 4,251.00 
21/10/2024; 7.28 ; 1.96 ; 26.52 ; 5,853.98 ; 4,236.10 
22/10/2024; 7.34 ; 1.96 ; 25.99 ; 5,851.20 ; 4,276.00 
23/10/2024; 7.23 ; 1.93 ; 24.73 ; 5,797.42 ; 4,262.28 
24/10/2024; 7.25 ; 1.94 ; 25.44 ; 5,809.86 ; 4,306.75 
25/10/2024; 7.31 ; 1.93 ; 24.94 ; 5,808.12 ; 4,293.50 
28/10/2024; 7.26 ; 1.93 ; 25.17 ; 5,823.52 ; 4,324.14 
29/10/2024; 7.19 ; 1.91 ; 24.83 ; 5,832.92 ; 4,352.75 
30/10/2024; 7.05 ; 1.87 ; 25.79 ; 5,813.67 ; 4,394.39 
31/10/2024; 6.95 ; 1.88 ; 25.42 ; 5,705.45 ; 4,412.53 
1/11/2024; 6.86 ; 1.91 ; 25.22 ; 5,728.80 ; 4,420.05 
4/11/2024; 6.87 ; 1.92 ; 25.30 ; 5,712.69 ; 4,372.65 
5/11/2024; 6.82 ; 1.91 ; 25.66 ; 5,782.76 ; 4,413.25 
6/11/2024; 6.83 ; 1.92 ; 25.70 ; 5,929.04 ; 4,414.75 
7/11/2024; 6.90 ; 1.92 ; 26.12 ; 5,973.10 ; 4,411.25 
8/11/2024; 6.64 ; 1.91 ; 25.66 ; 5,995.54 ; 4,321.50 
11/11/2024; 6.77 ; 1.92 ; 25.74 ; 6,001.35 ; 4,281.53 
12/11/2024; 6.73 ; 1.91 ; 24.97 ; 5,983.99 ; 4,358.76 
13/11/2024; 6.64 ; 1.90 ; 24.85 ; 5,985.38 ; 4,434.75 
14/11/2024; 6.97 ; 1.93 ; 25.07 ; 5,949.17 ; 4,477.25 
15/11/2024; 7.15 ; 2.00 ; 25.31 ; 5,870.62 ; 4,480.00 
18/11/2024; 7.36 ; 2.00 ; 26.14 ; 5,893.62 ; 4,451.66 
19/11/2024; 7.26 ; 2.00 ; 26.24 ; 5,916.98 ; 4,395.25 
20/11/2024; 7.29 ; 2.04 ; 26.66 ; 5,917.11 ; 4,390.64 
21/11/2024; 7.39 ; 2.02 ; 26.09 ; 5,948.71 ; 4,392.50 
22/11/2024; 7.52 ; 1.97 ; 26.12 ; 5,969.34 ; 4,388.55 
25/11/2024; 7.31 ; 2.02 ; 26.55 ; 5,987.37 ; 4,341.76 
26/11/2024; 7.20 ; 2.02 ; 25.95 ; 6,021.63 ; 4,383.00 
27/11/2024; 7.25 ; 1.96 ; 26.21 ; 5,998.74 ; 4,401.25 
29/11/2024; 7.25 ; 2.02 ; 26.05 ; 6,032.38 ; 4,416.46 
2/12/2024; 7.16 ; 2.06 ; 26.01 ; 6,047.15 ; 4,327.99 
3/12/2024; 7.19 ; 2.07 ; 25.99 ; 6,049.88 ; 4,457.75 
4/12/2024; 7.13 ; 2.06 ; 25.73 ; 6,086.49 ; 4,435.50 
5/12/2024; 7.25 ; 2.09 ; 26.25 ; 6,075.11 ; 4,425.75 
6/12/2024; 7.09 ; 2.05 ; 26.06 ; 6,090.27 ; 4,413.67 
9/12/2024; 7.41 ; 2.08 ; 26.04 ; 6,052.85 ; 4,376.15 
10/12/2024; 7.54 ; 2.05 ; 26.19 ; 6,034.91 ; 4,391.10 
11/12/2024; 7.54 ; 2.06 ; 26.54 ; 6,084.19 ; 4,366.75 
12/12/2024; 7.50 ; 2.05 ; 26.40 ; 6,051.25 ; 4,336.25 
13/12/2024; 7.42 ; 2.05 ; 26.44 ; 6,051.09 ; 4,343.26 
16/12/2024; 7.17 ; 1.99 ; 26.17 ; 6,074.08 ; 4,292.17 
17/12/2024; 7.12 ; 2.01 ; 25.93 ; 6,050.61 ; 4,317.05 
18/12/2024; 6.89 ; 1.96 ; 25.14 ; 5,872.16 ; 4,343.78 
19/12/2024; 6.88 ; 1.94 ; 25.40 ; 5,867.08 ; 4,371.34 
20/12/2024; 6.89 ; 1.95 ; 25.64 ; 5,930.85 ; 4,376.69 
23/12/2024; 6.80 ; 1.97 ; 25.63 ; 5,974.07 ; 4,311.78 
24/12/2024; 6.81 ; 1.99 ; 25.72 ; 6,040.04 ; 4,410.25 
26/12/2024; 6.81 ; 1.99 ; 25.87 ; 6,037.59 ; 4,411.06 
27/12/2024; 6.81 ; 1.98 ; 25.53 ; 5,970.84 ; 4,393.25 
30/12/2024; 6.93 ; 1.92 ; 25.87 ; 5,906.94 ; 4,350.45 
31/12/2024; 7.15 ; 1.95 ; 25.74 ; 5,881.63 ; 4,403.17 
2/01/2025; 7.42 ; 2.01 ; 26.42 ; 5,868.55 ; 4,403.17 
3/01/2025; 7.45 ; 2.04 ; 26.13 ; 5,942.47 ; 4,382.35 
6/01/2025; 7.49 ; 2.08 ; 26.43 ; 5,975.38 ; 4,319.55 
7/01/2025; 7.71 ; 2.09 ; 26.61 ; 5,909.03 ; 4,338.25 
8/01/2025; 7.65 ; 2.07 ; 26.47 ; 5,918.25 ; 4,335.58 
10/01/2025; 7.66 ; 2.10 ; 26.43 ; 5,827.04 ; 4,330.39 
13/01/2025; 7.73 ; 2.08 ; 26.41 ; 5,836.22 ; 4,300.30 
14/01/2025; 7.73 ; 2.13 ; 26.49 ; 5,842.91 ; 4,304.75 
15/01/2025; 7.76 ; 2.14 ; 26.56 ; 5,949.91 ; 4,284.70 
16/01/2025; 7.79 ; 2.15 ; 26.18 ; 5,937.34 ; 4,301.19 
17/01/2025; 7.62 ; 2.16 ; 26.26 ; 5,996.66 ; 4,340.00 
21/01/2025; 7.62 ; 2.21 ; 26.44 ; 6,049.24 ; 4,321.60 
22/01/2025; 7.46 ; 2.26 ; 27.02 ; 6,086.37 ; 4,308.70 
23/01/2025; 7.60 ; 2.25 ; 28.13 ; 6,118.71 ; 4,259.25 
24/01/2025; 7.61 ; 2.30 ; 29.14 ; 6,101.24 ; 4,224.51 
27/01/2025; 7.72 ; 2.33 ; 30.13 ; 6,012.28 ; 4,175.05 
28/01/2025; 7.77 ; 2.43 ; 31.59 ; 6,067.70 ; 4,193.78 
29/01/2025; 8.16 ; 2.63 ; 32.92 ; 6,039.31 ; 4,217.44 
30/01/2025; 8.73 ; 2.79 ; 32.55 ; 6,071.17 ; 4,167.83 
31/01/2025; 8.37 ; 2.70 ; 32.31 ; 6,040.53 ; 4,160.05 
3/02/2025; 8.68 ; 2.53 ; 31.84 ; 5,994.57 ; 4,170.04 
4/02/2025; 8.88 ; 2.65 ; 32.07 ; 6,037.88 ; 4,160.67 
5/02/2025; 8.55 ; 2.63 ; 31.98 ; 6,061.48 ; 4,164.00 
6/02/2025; 8.73 ; 2.62 ; 32.65 ; 6,083.57 ; 4,174.82 
7/02/2025; 8.73 ; 2.60 ; 32.17 ; 6,025.99 ; 4,140.81 
10/02/2025; 8.85 ; 2.63 ; 32.54 ; 6,066.44 ; 4,105.46 
11/02/2025; 8.84 ; 2.75 ; 32.71 ; 6,068.50 ; 4,134.25 
12/02/2025; 8.69 ; 2.74 ; 32.67 ; 6,051.97 ; 4,139.82 
13/02/2025; 9.22 ; 2.78 ; 32.94 ; 6,115.07 ; 4,165.35 
14/02/2025; 9.25 ; 2.73 ; 33.26 ; 6,114.63 ; 4,137.63 
18/02/2025; 9.77 ; 2.89 ; 33.57 ; 6,129.58 ; 4,134.25 
19/02/2025; 9.84 ; 2.88 ; 33.92 ; 6,144.15 ; 4,091.33 
20/02/2025; 9.87 ; 2.97 ; 35.49 ; 6,117.52 ; 4,097.00 
21/02/2025; 9.41 ; 2.99 ; 34.96 ; 6,013.13 ; 4,073.25 
24/02/2025; 9.37 ; 3.15 ; 35.25 ; 5,983.25 ; 4,030.29 
25/02/2025; 9.26 ; 3.04 ; 35.46 ; 5,955.25 ; 4,116.00 
26/02/2025; 9.13 ; 2.97 ; 35.33 ; 5,956.06 ; 4,125.50 
27/02/2025; 8.94 ; 2.92 ; 34.10 ; 5,861.57 ; 4,103.08 
28/02/2025; 8.91 ; 2.77 ; 34.08 ; 5,954.50 ; 4,130.50 
3/03/2025; 8.54 ; 2.71 ; 33.36 ; 5,849.72 ; 4,090.85 
4/03/2025; 8.22 ; 2.80 ; 33.25 ; 5,778.15 ; 4,124.25 
5/03/2025; 8.45 ; 2.93 ; 34.30 ; 5,842.63 ; 4,152.05 
6/03/2025; 8.65 ; 2.90 ; 33.97 ; 5,738.52 ; 4,111.25 
7/03/2025; 8.95 ; 2.86 ; 34.02 ; 5,770.20 ; 4,106.25 
10/03/2025; 8.79 ; 2.75 ; 33.08 ; 5,614.56 ; 4,060.35 
11/03/2025; 8.68 ; 2.83 ; 33.80 ; 5,572.07 ; 4,179.50 
12/03/2025; 8.79 ; 2.83 ; 34.63 ; 5,599.30 ; 4,123.25 
13/03/2025; 8.82 ; 2.83 ; 33.96 ; 5,521.52 ; 4,107.75 
14/03/2025; 9.14 ; 2.93 ; 35.23 ; 5,638.94 ; 4,123.25 
17/03/2025; 9.35 ; 2.81 ; 35.86 ; 5,675.12 ; 4,069.67 
18/03/2025; 9.31 ; 2.80 ; 35.19 ; 5,614.66 ; 4,071.50 
19/03/2025; 9.21 ; 2.74 ; 35.07 ; 5,675.29 ; 4,117.50 
20/03/2025; 9.12 ; 2.68 ; 34.86 ; 5,662.89 ; 4,150.49 
21/03/2025; 9.17 ; 2.61 ; 34.87 ; 5,667.56 ; 4,178.40 
24/03/2025; 9.10 ; 2.69 ; 35.32 ; 5,767.57 ; 4,116.02 
25/03/2025; 9.30 ; 2.68 ; 35.85 ; 5,776.65 ; 4,143.91 
26/03/2025; 9.38 ; 2.66 ; 36.18 ; 5,712.20 ; 4,102.00 
27/03/2025; 9.37 ; 2.71 ; 35.75 ; 5,693.31 ; 4,130.18 
28/03/2025; 9.22 ; 2.63 ; 35.77 ; 5,580.94 ; 4,166.50 
31/03/2025; 9.42 ; 2.64 ; 39.65 ; 5,611.85 ; 4,125.83 
1/04/2025; 9.57 ; 2.64 ; 40.82 ; 5,633.07 ; 4,182.75 
2/04/2025; 9.59 ; 2.65 ; 41.49 ; 5,670.97 ; 4,146.75 
3/04/2025; 9.03 ; 2.62 ; 41.66 ; 5,396.52 ; 4,149.50 
4/04/2025; 8.51 ; 2.35 ; 39.50 ; 5,074.08 ; 4,158.20 
7/04/2025; 8.35 ; 2.25 ; 37.08 ; 5,062.25 ; 4,179.96 
8/04/2025; 7.70 ; 2.25 ; 35.62 ; 4,982.77 ; 4,390.50 
9/04/2025; 8.46 ; 2.41 ; 38.45 ; 5,456.90 ; 4,422.50 
10/04/2025; 7.78 ; 2.24 ; 36.00 ; 5,268.05 ; 4,300.50 
11/04/2025; 8.32 ; 2.38 ; 37.22 ; 5,363.36 ; 4,369.00 
14/04/2025; 8.41 ; 2.43 ; 37.77 ; 5,405.97 ; 4,277.05 
15/04/2025; 8.33 ; 2.40 ; 38.49 ; 5,396.63 ; 4,307.50 
16/04/2025; 8.38 ; 2.59 ; 39.11 ; 5,275.70 ; 4,349.25 
17/04/2025; 8.62 ; 2.58 ; 38.99 ; 5,282.70 ; 4,310.37 
22/04/2025; 8.55 ; 2.65 ; 40.74 ; 5,287.76 ; 4,279.25 
23/04/2025; 8.65 ; 2.60 ; 40.81 ; 5,375.86 ; 4,293.50 
24/04/2025; 8.78 ; 2.68 ; 41.09 ; 5,484.77 ; 4,300.50 
25/04/2025; 8.78 ; 2.70 ; 41.76 ; 5,525.21 ; 4,255.25 
28/04/2025; 8.47 ; 2.66 ; 40.67 ; 5,528.75 ; 4,218.15 
29/04/2025; 8.30 ; 2.67 ; 40.83 ; 5,560.83 ; 4,215.25 
30/04/2025; 8.11 ; 2.60 ; 40.32 ; 5,569.06 ; 4,195.25 
1/05/2025; 8.06 ; 2.61 ; 40.50 ; 5,604.14 ; 4,241.35 
2/05/2025; 8.15 ; 2.66 ; 40.99 ; 5,686.67 ; 4,197.09 
5/05/2025; 7.88 ; 2.66 ; 40.47 ; 5,650.38 ; 4,266.90 
6/05/2025; 7.88 ; 2.65 ; 41.19 ; 5,606.91 ; 4,295.00 
7/05/2025; 7.91 ; 2.73 ; 40.72 ; 5,631.28 ; 4,300.86 
8/05/2025; 8.09 ; 2.78 ; 41.18 ; 5,663.94 ; 4,297.15 
9/05/2025; 8.16 ; 2.76 ; 41.16 ; 5,659.91 ; 4,250.90 
12/05/2025; 8.29 ; 2.74 ; 40.34 ; 5,844.19 ; 4,246.95 
13/05/2025; 8.62 ; 2.73 ; 41.77 ; 5,886.55 ; 4,223.00 
14/05/2025; 8.64 ; 2.77 ; 42.35 ; 5,892.58 ; 4,210.00 
15/05/2025; 8.51 ; 2.80 ; 42.20 ; 5,916.93 ; 4,205.00 
16/05/2025; 8.60 ; 2.77 ; 41.55 ; 5,958.38 ; 4,199.75 
19/05/2025; 8.62 ; 2.78 ; 41.63 ; 5,963.60 ; 4,212.61 
20/05/2025; 8.57 ; 2.70 ; 42.18 ; 5,940.46 ; 4,168.25 
21/05/2025; 8.45 ; 2.67 ; 41.22 ; 5,844.61 ; 4,171.95 
22/05/2025; 8.47 ; 2.67 ; 40.53 ; 5,842.01 ; 4,171.00 
23/05/2025; 8.61 ; 2.75 ; 41.57 ; 5,802.82 ; 4,174.65 
27/05/2025; 8.70 ; 2.76 ; 42.22 ; 5,921.54 ; 4,150.25 
28/05/2025; 8.62 ; 2.73 ; 42.33 ; 5,888.55 ; 4,111.25 
29/05/2025; 8.72 ; 2.72 ; 42.46 ; 5,912.17 ; 4,123.48 
30/05/2025; 8.47 ; 2.76 ; 41.43 ; 5,911.69 ; 4,128.75 
2/06/2025; 8.50 ; 2.91 ; 43.40 ; 5,935.94 ; 4,068.93 
3/06/2025; 8.66 ; 2.86 ; 43.45 ; 5,970.37 ; 4,130.27 
4/06/2025; 8.63 ; 2.84 ; 43.58 ; 5,970.81 ; 4,124.12 
5/06/2025; 8.69 ; 2.77 ; 43.57 ; 5,939.30 ; 4,106.92 
6/06/2025; 8.97 ; 2.84 ; 43.06 ; 6,000.36 ; 4,104.50 
9/06/2025; 8.93 ; 2.70 ; 41.99 ; 6,005.88 ; 4,117.86 
10/06/2025; 9.02 ; 2.77 ; 42.07 ; 6,038.81 ; 4,137.81 
11/06/2025; 9.31 ; 2.76 ; 42.71 ; 6,022.24 ; 4,201.25 
12/06/2025; 9.33 ; 2.75 ; 42.65 ; 6,045.26 ; 4,176.75 
13/06/2025; 9.67 ; 2.85 ; 42.53 ; 5,976.97 ; 4,155.25 
16/06/2025; 9.50 ; 2.79 ; 42.60 ; 6,033.11 ; 4,092.25 
17/06/2025; 9.60 ; 2.76 ; 42.11 ; 5,982.72 ; 4,098.75 
18/06/2025; 9.73 ; 2.76 ; 43.21 ; 5,980.87 ; 4,100.25 
20/06/2025; 9.84 ; 2.78 ; 43.18 ; 5,967.84 ; 4,082.00 
23/06/2025; 9.45 ; 2.76 ; 42.62 ; 6,025.17 ; 4,080.92 
24/06/2025; 9.40 ; 2.74 ; 44.97 ; 6,092.18 ; 4,082.25 
25/06/2025; 9.33 ; 2.74 ; 45.20 ; 6,092.16 ; 4,076.55 
26/06/2025; 9.24 ; 2.78 ; 45.34 ; 6,141.02 ; 4,056.19 
27/06/2025; 8.93 ; 2.75 ; 45.09 ; 6,173.07 ; 4,037.25 
30/06/2025; 8.85 ; 2.77 ; 46.19 ; 6,204.95 ; 4,035.44 
1/07/2025; 8.90 ; 2.77 ; 45.72 ; 6,198.01 ; 4,087.75 
2/07/2025; 9.27 ; 2.81 ; 46.36 ; 6,227.42 ; 4,028.28 
3/07/2025; 9.17 ; 2.84 ; 46.09 ; 6,279.35 ; 3,989.00 
7/07/2025; 8.87 ; 2.84 ; 44.93 ; 6,229.98 ; 3,999.90 
8/07/2025; 9.11 ; 2.82 ; 44.93 ; 6,225.52 ; 4,030.35 
9/07/2025; 8.95 ; 2.83 ; 44.96 ; 6,263.26 ; 4,049.88 
10/07/2025; 9.00 ; 2.81 ; 44.70 ; 6,280.46 ; 4,021.50 
11/07/2025; 9.07 ; 2.88 ; 44.23 ; 6,259.75 ; 4,013.95 
14/07/2025; 8.92 ; 2.83 ; 44.78 ; 6,268.56 ; 4,011.67 
15/07/2025; 8.84 ; 2.86 ; 44.56 ; 6,243.76 ; 4,008.75 
16/07/2025; 8.87 ; 2.88 ; 44.23 ; 6,263.70 ; 4,033.75 
17/07/2025; 8.88 ; 2.97 ; 46.18 ; 6,297.36 ; 4,012.88 
18/07/2025; 8.84 ; 2.94 ; 45.95 ; 6,296.79 ; 4,020.41 
21/07/2025; 8.84 ; 2.95 ; 45.77 ; 6,305.60 ; 4,020.01 
22/07/2025; 8.73 ; 2.83 ; 44.68 ; 6,309.62 ; 4,033.59 
23/07/2025; 8.92 ; 2.90 ; 44.97 ; 6,358.91 ; 4,070.81 
24/07/2025; 8.60 ; 2.97 ; 44.20 ; 6,363.35 ; 4,036.30 
25/07/2025; 8.58 ; 2.93 ; 44.10 ; 6,388.64 ; 4,072.01 
28/07/2025; 8.57 ; 2.80 ; 43.77 ; 6,389.77 ; 4,063.71 
29/07/2025; 8.78 ; 2.86 ; 44.35 ; 6,370.86 ; 4,173.59 
30/07/2025; 8.50 ; 2.81 ; 43.71 ; 6,362.90 ; 4,134.75 
31/07/2025; 8.40 ; 2.78 ; 43.42 ; 6,339.39 ; 4,186.75 
1/08/2025; 8.29 ; 2.77 ; 44.12 ; 6,238.01 ; 4,184.96 
4/08/2025; 8.35 ; 2.84 ; 44.65 ; 6,329.94 ; 4,122.42 
5/08/2025; 8.49 ; 2.83 ; 44.94 ; 6,299.19 ; 4,096.90 
6/08/2025; 8.57 ; 2.86 ; 45.40 ; 6,345.06 ; 4,088.50 
7/08/2025; 8.58 ; 2.91 ; 46.64 ; 6,340.00 ; 4,043.57 
8/08/2025; 8.55 ; 2.98 ; 47.05 ; 6,389.45 ; 4,045.25 
11/08/2025; 8.53 ; 2.98 ; 48.06 ; 6,373.45 ; 4,043.14 
12/08/2025; 8.56 ; 3.01 ; 48.85 ; 6,445.76 ; 4,027.79 
13/08/2025; 8.70 ; 3.11 ; 48.46 ; 6,466.58 ; 4,018.75 
14/08/2025; 8.72 ; 3.14 ; 48.56 ; 6,468.54 ; 4,021.75 
15/08/2025; 8.91 ; 3.12 ; 49.53 ; 6,449.80 ; 4,049.45 
18/08/2025; 8.85 ; 3.25 ; 49.69 ; 6,449.15 ; 4,045.16 
19/08/2025; 8.90 ; 3.21 ; 48.78 ; 6,411.37 ; 4,013.25 
20/08/2025; 8.92 ; 3.25 ; 49.41 ; 6,395.78 ; 4,031.88 
21/08/2025; 8.90 ; 3.23 ; 49.81 ; 6,370.17 ; 4,024.95 
22/08/2025; 9.19 ; 3.26 ; 49.93 ; 6,466.91 ; 4,032.70 
25/08/2025; 9.23 ; 3.23 ; 49.64 ; 6,439.32 ; 3,984.86 
26/08/2025; 9.15 ; 3.28 ; 50.19 ; 6,465.94 ; 4,024.00 
27/08/2025; 9.23 ; 3.34 ; 49.55 ; 6,481.40 ; 4,053.37 
28/08/2025; 9.31 ; 3.32 ; 49.80 ; 6,501.86 ; 4,027.36 
29/08/2025; 9.40 ; 3.30 ; 50.46 ; 6,460.26 ; 4,024.80 
2/09/2025; 9.38 ; 3.32 ; 49.88 ; 6,415.54 ; 4,013.35 
3/09/2025; 9.05 ; 3.26 ; 49.52 ; 6,448.26 ; 4,003.40 
4/09/2025; 9.04 ; 3.27 ; 50.54 ; 6,502.08 ; 4,004.25 
5/09/2025; 9.08 ; 3.28 ; 52.12 ; 6,481.50 ; 3,985.25 
8/09/2025; 9.13 ; 3.37 ; 52.34 ; 6,495.15 ; 3,966.49 
9/09/2025; 9.25 ; 3.35 ; 53.29 ; 6,512.61 ; 3,938.25 
10/09/2025; 9.44 ; 3.35 ; 53.59 ; 6,532.04 ; 3,921.75 
11/09/2025; 9.25 ; 3.35 ; 52.35 ; 6,587.47 ; 3,922.38 
12/09/2025; 9.14 ; 3.44 ; 51.87 ; 6,584.29 ; 3,894.52 
15/09/2025; 9.23 ; 3.31 ; 51.79 ; 6,615.28 ; 3,851.14 
16/09/2025; 9.38 ; 3.22 ; 51.72 ; 6,606.76 ; 3,906.32 
17/09/2025; 9.32 ; 3.19 ; 52.03 ; 6,600.35 ; 3,865.88 
18/09/2025; 9.01 ; 3.20 ; 51.56 ; 6,631.96 ; 3,875.59 
19/09/2025; 8.88 ; 3.13 ; 51.88 ; 6,664.36 ; 3,892.50 
22/09/2025; 9.01 ; 3.24 ; 52.51 ; 6,693.75 ; 3,898.90 
23/09/2025; 9.39 ; 3.30 ; 52.58 ; 6,656.92 ; 3,851.20 
24/09/2025; 9.63 ; 3.36 ; 52.46 ; 6,637.97 ; 3,860.25 
25/09/2025; 9.53 ; 3.30 ; 52.44 ; 6,604.72 ; 3,885.24 
26/09/2025; 9.41 ; 3.29 ; 51.93 ; 6,643.70 ; 3,900.25 
29/09/2025; 9.18 ; 3.25 ; 51.56 ; 6,661.21 ; 3,899.36 
30/09/2025; 9.21 ; 3.28 ; 51.94 ; 6,688.46 ; 3,919.00 
1/10/2025; 9.21 ; 3.26 ; 52.02 ; 6,711.20 ; 3,924.75 
2/10/2025; 9.07 ; 3.31 ; 51.36 ; 6,715.35 ; 3,878.76 
3/10/2025; 9.12 ; 3.46 ; 52.17 ; 6,715.79 ; 3,884.13 
6/10/2025; 9.16 ; 3.40 ; 52.16 ; 6,740.28 ; 3,882.41 
7/10/2025; 9.04 ; 3.37 ; 51.99 ; 6,714.59 ; 3,861.95 
8/10/2025; 9.02 ; 3.45 ; 52.78 ; 6,753.72 ; 3,874.75 
9/10/2025; 8.98 ; 3.45 ; 54.46 ; 6,735.11 ; 3,887.50 
10/10/2025; 8.78 ; 3.62 ; 52.54 ; 6,552.51 ; 3,887.88 
13/10/2025; 9.09 ; 3.67 ; 54.96 ; 6,654.72 ; 3,872.23 
14/10/2025; 8.79 ; 3.69 ; 54.55 ; 6,644.31 ; 3,884.55 
15/10/2025; 8.93 ; 3.70 ; 55.40 ; 6,671.06 ; 3,923.50 
16/10/2025; 8.99 ; 3.68 ; 56.31 ; 6,629.07 ; 3,889.70 
17/10/2025; 9.04 ; 3.82 ; 57.00 ; 6,664.01 ; 3,860.75 
20/10/2025; 8.74 ; 3.72 ; 55.66 ; 6,735.13 ; 3,854.96 
21/10/2025; 8.61 ; 3.78 ; 54.06 ; 6,735.35 ; 3,881.75 
22/10/2025; 8.75 ; 3.85 ; 55.07 ; 6,699.40 ; 3,882.00 
23/10/2025; 9.15 ; 3.95 ; 55.84 ; 6,738.44 ; 3,909.45 
24/10/2025; 9.14 ; 4.06 ; 56.07 ; 6,791.69 ; 3,878.55 
27/10/2025; 9.31 ; 4.15 ; 56.92 ; 6,875.16 ; 3,838.46 
28/10/2025; 9.22 ; 4.03 ; 56.73 ; 6,890.89 ; 3,843.63 
29/10/2025; 9.30 ; 4.05 ; 57.40 ; 6,890.59 ; 3,887.47 
30/10/2025; 9.25 ; 4.12 ; 57.87 ; 6,822.34 ; 3,875.75 
31/10/2025; 9.32 ; 4.20 ; 58.04 ; 6,840.20 ; 3,858.45 
3/11/2025; 9.44 ; 4.22 ; 57.95 ; 6,851.97 ; 3,808.70 
4/11/2025; 9.26 ; 4.19 ; 58.06 ; 6,771.55 ; 3,855.00 
5/11/2025; 9.46 ; 4.20 ; 59.13 ; 6,796.29 ; 3,860.24 
6/11/2025; 9.67 ; 4.29 ; 60.27 ; 6,720.32 ; 3,832.75 
7/11/2025; 9.92 ; 4.27 ; 63.22 ; 6,728.80 ; 3,784.15 
10/11/2025; 9.88 ; 4.34 ; 63.57 ; 6,832.43 ; 3,737.11 
11/11/2025; 10.17 ; 4.37 ; 63.83 ; 6,846.61 ; 3,751.97 
12/11/2025; 10.17 ; 4.34 ; 64.15 ; 6,850.92 ; 3,756.78 
13/11/2025; 10.01 ; 4.20 ; 62.69 ; 6,737.49 ; 3,705.00 
14/11/2025; 10.39 ; 4.19 ; 62.94 ; 6,734.11 ; 3,746.82 
17/11/2025; 10.52 ; 4.10 ; 62.53 ; 6,672.41 ; 3,701.26 
18/11/2025; 10.61 ; 4.11 ; 62.77 ; 6,617.32 ; 3,754.50 
19/11/2025; 10.44 ; 4.12 ; 62.79 ; 6,642.16 ; 3,719.80 
20/11/2025; 10.12 ; 3.95 ; 61.54 ; 6,538.76 ; 3,712.25 
21/11/2025; 9.85 ; 3.98 ; 60.62 ; 6,602.99 ; 3,762.17 
24/11/2025; 9.60 ; 3.97 ; 60.64 ; 6,705.12 ; 3,717.59 
25/11/2025; 9.62 ; 4.08 ; 60.49 ; 6,765.88 ; 3,791.25 
26/11/2025; 9.87 ; 4.15 ; 62.70 ; 6,812.61 ; 3,802.90 
28/11/2025; 9.82 ; 4.17 ; 63.06 ; 6,849.09 ; 3,743.88 
1/12/2025; 9.95 ; 4.13 ; 62.30 ; 6,812.63 ; 3,691.86 
2/12/2025; 9.91 ; 4.24 ; 64.07 ; 6,829.37 ; 3,808.40 
3/12/2025; 10.13 ; 4.19 ; 64.05 ; 6,849.72 ; 3,816.25 
4/12/2025; 10.06 ; 4.21 ; 64.40 ; 6,857.12 ; 3,768.15 
5/12/2025; 9.89 ; 4.15 ; 62.41 ; 6,870.40 ; 3,795.24 
8/12/2025; 9.96 ; 4.24 ; 62.41 ; 6,846.51 ; 3,755.67 
9/12/2025; 10.00 ; 4.21 ; 63.59 ; 6,840.51 ; 3,840.86 
10/12/2025; 9.81 ; 4.22 ; 64.39 ; 6,886.68 ; 3,856.63 
11/12/2025; 9.81 ; 4.16 ; 64.18 ; 6,901.00 ; 3,840.03 
12/12/2025; 9.73 ; 4.12 ; 63.90 ; 6,827.41 ; 3,801.50 
15/12/2025; 9.63 ; 4.13 ; 63.06 ; 6,816.51 ; 3,759.91 
16/12/2025; 9.33 ; 4.07 ; 62.76 ; 6,800.26 ; 3,818.07 
17/12/2025; 9.35 ; 4.05 ; 61.83 ; 6,721.43 ; 3,839.23 
18/12/2025; 9.22 ; 4.07 ; 61.50 ; 6,774.76 ; 3,863.75 
19/12/2025; 9.21 ; 4.10 ; 62.68 ; 6,834.50 ; 3,861.96 
22/12/2025; 9.30 ; 4.12 ; 62.95 ; 6,878.49 ; 3,817.51 
23/12/2025; 9.48 ; 4.14 ; 63.63 ; 6,909.79 ; 3,801.21 
24/12/2025; 9.60 ; 4.27 ; 64.35 ; 6,932.05 ; 3,754.33 
26/12/2025; 9.69 ; 4.23 ; 65.38 ; 6,929.94 ; 3,742.05 
29/12/2025; 9.84 ; 4.26 ; 64.96 ; 6,905.74 ; 3,695.25 
30/12/2025; 9.87 ; 4.08 ; 63.99 ; 6,896.24 ; 3,729.40 
31/12/2025; 10.02 ; 4.05 ; 63.61 ; 6,845.50 ; 3,740.46 
2/01/2026; 10.22 ; 4.04 ; 63.20 ; 6,858.47 ; 3,768.21 
5/01/2026; 10.82 ; 4.09 ; 66.53 ; 6,902.05 ; 3,731.33 
6/01/2026; 10.90 ; 4.08 ; 67.14 ; 6,944.82 ; 3,748.37 
7/01/2026; 10.46 ; 4.05 ; 67.84 ; 6,920.93 ; 3,711.29 
8/01/2026; 10.75 ; 4.14 ; 70.15 ; 6,921.46 ; 3,750.75 
9/01/2026; 10.87 ; 4.17 ; 70.74 ; 6,966.28 ; 3,713.51 
12/01/2026; 11.16 ; 4.19 ; 70.92 ; 6,977.27 ; 3,670.43 
13/01/2026; 11.34 ; 4.27 ; 73.09 ; 6,963.74 ; 3,713.64 
14/01/2026; 11.57 ; 4.28 ; 73.59 ; 6,926.60 ; 3,684.86 
15/01/2026; 11.68 ; 4.28 ; 73.84 ; 6,944.47 ; 3,671.79 
16/01/2026; 12.25 ; 4.33 ; 75.75 ; 6,940.01 ; 3,684.11 
20/01/2026; 12.55 ; 4.52 ; 77.09 ; 6,796.86 ; 3,675.50 
21/01/2026; 12.85 ; 4.73 ; 79.59 ; 6,875.62 ; 3,674.70 
22/01/2026; 12.20 ; 4.69 ; 78.78 ; 6,913.35 ; 3,673.17 
23/01/2026; 12.50 ; 4.68 ; 82.08 ; 6,915.61 ; 3,610.73 
26/01/2026; 12.68 ; 5.03 ; 83.72 ; 6,950.23 ; 3,533.50 
27/01/2026; 13.06 ; 5.26 ; 83.35 ; 6,982.79 ; 3,632.45 
